-- MySQL dump 10.13  Distrib 8.0.44, for Linux (x86_64)
--
-- Host: localhost    Database: zsc-train
-- ------------------------------------------------------
-- Server version	8.0.44

/*!40101 SET @OLD_CHARACTER_SET_CLIENT=@@CHARACTER_SET_CLIENT */;
/*!40101 SET @OLD_CHARACTER_SET_RESULTS=@@CHARACTER_SET_RESULTS */;
/*!40101 SET @OLD_COLLATION_CONNECTION=@@COLLATION_CONNECTION */;
/*!50503 SET NAMES utf8mb4 */;
/*!40103 SET @OLD_TIME_ZONE=@@TIME_ZONE */;
/*!40103 SET TIME_ZONE='+00:00' */;
/*!40014 SET @OLD_UNIQUE_CHECKS=@@UNIQUE_CHECKS, UNIQUE_CHECKS=0 */;
/*!40014 SET @OLD_FOREIGN_KEY_CHECKS=@@FOREIGN_KEY_CHECKS, FOREIGN_KEY_CHECKS=0 */;
/*!40101 SET @OLD_SQL_MODE=@@SQL_MODE, SQL_MODE='NO_AUTO_VALUE_ON_ZERO' */;
/*!40111 SET @OLD_SQL_NOTES=@@SQL_NOTES, SQL_NOTES=0 */;

--
-- Table structure for table `QRTZ_BLOB_TRIGGERS`
--

DROP TABLE IF EXISTS `QRTZ_BLOB_TRIGGERS`;
/*!40101 SET @saved_cs_client     = @@character_set_client */;
/*!50503 SET character_set_client = utf8mb4 */;
CREATE TABLE `QRTZ_BLOB_TRIGGERS` (
  `sched_name` varchar(120) NOT NULL COMMENT '调度名称',
  `trigger_name` varchar(200) NOT NULL COMMENT 'qrtz_triggers表trigger_name的外键',
  `trigger_group` varchar(200) NOT NULL COMMENT 'qrtz_triggers表trigger_group的外键',
  `blob_data` blob COMMENT '存放持久化Trigger对象',
  PRIMARY KEY (`sched_name`,`trigger_name`,`trigger_group`),
  CONSTRAINT `QRTZ_BLOB_TRIGGERS_ibfk_1` FOREIGN KEY (`sched_name`, `trigger_name`, `trigger_group`) REFERENCES `QRTZ_TRIGGERS` (`sched_name`, `trigger_name`, `trigger_group`)
) ENGINE=InnoDB DEFAULT CHARSET=utf8mb4 COLLATE=utf8mb4_0900_ai_ci COMMENT='Blob类型的触发器表';
/*!40101 SET character_set_client = @saved_cs_client */;

--
-- Dumping data for table `QRTZ_BLOB_TRIGGERS`
--

LOCK TABLES `QRTZ_BLOB_TRIGGERS` WRITE;
/*!40000 ALTER TABLE `QRTZ_BLOB_TRIGGERS` DISABLE KEYS */;
/*!40000 ALTER TABLE `QRTZ_BLOB_TRIGGERS` ENABLE KEYS */;
UNLOCK TABLES;

--
-- Table structure for table `QRTZ_CALENDARS`
--

DROP TABLE IF EXISTS `QRTZ_CALENDARS`;
/*!40101 SET @saved_cs_client     = @@character_set_client */;
/*!50503 SET character_set_client = utf8mb4 */;
CREATE TABLE `QRTZ_CALENDARS` (
  `sched_name` varchar(120) NOT NULL COMMENT '调度名称',
  `calendar_name` varchar(200) NOT NULL COMMENT '日历名称',
  `calendar` blob NOT NULL COMMENT '存放持久化calendar对象',
  PRIMARY KEY (`sched_name`,`calendar_name`)
) ENGINE=InnoDB DEFAULT CHARSET=utf8mb4 COLLATE=utf8mb4_0900_ai_ci COMMENT='日历信息表';
/*!40101 SET character_set_client = @saved_cs_client */;

--
-- Dumping data for table `QRTZ_CALENDARS`
--

LOCK TABLES `QRTZ_CALENDARS` WRITE;
/*!40000 ALTER TABLE `QRTZ_CALENDARS` DISABLE KEYS */;
/*!40000 ALTER TABLE `QRTZ_CALENDARS` ENABLE KEYS */;
UNLOCK TABLES;

--
-- Table structure for table `QRTZ_CRON_TRIGGERS`
--

DROP TABLE IF EXISTS `QRTZ_CRON_TRIGGERS`;
/*!40101 SET @saved_cs_client     = @@character_set_client */;
/*!50503 SET character_set_client = utf8mb4 */;
CREATE TABLE `QRTZ_CRON_TRIGGERS` (
  `sched_name` varchar(120) NOT NULL COMMENT '调度名称',
  `trigger_name` varchar(200) NOT NULL COMMENT 'qrtz_triggers表trigger_name的外键',
  `trigger_group` varchar(200) NOT NULL COMMENT 'qrtz_triggers表trigger_group的外键',
  `cron_expression` varchar(200) NOT NULL COMMENT 'cron表达式',
  `time_zone_id` varchar(80) DEFAULT NULL COMMENT '时区',
  PRIMARY KEY (`sched_name`,`trigger_name`,`trigger_group`),
  CONSTRAINT `QRTZ_CRON_TRIGGERS_ibfk_1` FOREIGN KEY (`sched_name`, `trigger_name`, `trigger_group`) REFERENCES `QRTZ_TRIGGERS` (`sched_name`, `trigger_name`, `trigger_group`)
) ENGINE=InnoDB DEFAULT CHARSET=utf8mb4 COLLATE=utf8mb4_0900_ai_ci COMMENT='Cron类型的触发器表';
/*!40101 SET character_set_client = @saved_cs_client */;

--
-- Dumping data for table `QRTZ_CRON_TRIGGERS`
--

LOCK TABLES `QRTZ_CRON_TRIGGERS` WRITE;
/*!40000 ALTER TABLE `QRTZ_CRON_TRIGGERS` DISABLE KEYS */;
/*!40000 ALTER TABLE `QRTZ_CRON_TRIGGERS` ENABLE KEYS */;
UNLOCK TABLES;

--
-- Table structure for table `QRTZ_FIRED_TRIGGERS`
--

DROP TABLE IF EXISTS `QRTZ_FIRED_TRIGGERS`;
/*!40101 SET @saved_cs_client     = @@character_set_client */;
/*!50503 SET character_set_client = utf8mb4 */;
CREATE TABLE `QRTZ_FIRED_TRIGGERS` (
  `sched_name` varchar(120) NOT NULL COMMENT '调度名称',
  `entry_id` varchar(95) NOT NULL COMMENT '调度器实例id',
  `trigger_name` varchar(200) NOT NULL COMMENT 'qrtz_triggers表trigger_name的外键',
  `trigger_group` varchar(200) NOT NULL COMMENT 'qrtz_triggers表trigger_group的外键',
  `instance_name` varchar(200) NOT NULL COMMENT '调度器实例名',
  `fired_time` bigint NOT NULL COMMENT '触发的时间',
  `sched_time` bigint NOT NULL COMMENT '定时器制定的时间',
  `priority` int NOT NULL COMMENT '优先级',
  `state` varchar(16) NOT NULL COMMENT '状态',
  `job_name` varchar(200) DEFAULT NULL COMMENT '任务名称',
  `job_group` varchar(200) DEFAULT NULL COMMENT '任务组名',
  `is_nonconcurrent` varchar(1) DEFAULT NULL COMMENT '是否并发',
  `requests_recovery` varchar(1) DEFAULT NULL COMMENT '是否接受恢复执行',
  PRIMARY KEY (`sched_name`,`entry_id`)
) ENGINE=InnoDB DEFAULT CHARSET=utf8mb4 COLLATE=utf8mb4_0900_ai_ci COMMENT='已触发的触发器表';
/*!40101 SET character_set_client = @saved_cs_client */;

--
-- Dumping data for table `QRTZ_FIRED_TRIGGERS`
--

LOCK TABLES `QRTZ_FIRED_TRIGGERS` WRITE;
/*!40000 ALTER TABLE `QRTZ_FIRED_TRIGGERS` DISABLE KEYS */;
/*!40000 ALTER TABLE `QRTZ_FIRED_TRIGGERS` ENABLE KEYS */;
UNLOCK TABLES;

--
-- Table structure for table `QRTZ_JOB_DETAILS`
--

DROP TABLE IF EXISTS `QRTZ_JOB_DETAILS`;
/*!40101 SET @saved_cs_client     = @@character_set_client */;
/*!50503 SET character_set_client = utf8mb4 */;
CREATE TABLE `QRTZ_JOB_DETAILS` (
  `sched_name` varchar(120) NOT NULL COMMENT '调度名称',
  `job_name` varchar(200) NOT NULL COMMENT '任务名称',
  `job_group` varchar(200) NOT NULL COMMENT '任务组名',
  `description` varchar(250) DEFAULT NULL COMMENT '相关介绍',
  `job_class_name` varchar(250) NOT NULL COMMENT '执行任务类名称',
  `is_durable` varchar(1) NOT NULL COMMENT '是否持久化',
  `is_nonconcurrent` varchar(1) NOT NULL COMMENT '是否并发',
  `is_update_data` varchar(1) NOT NULL COMMENT '是否更新数据',
  `requests_recovery` varchar(1) NOT NULL COMMENT '是否接受恢复执行',
  `job_data` blob COMMENT '存放持久化job对象',
  PRIMARY KEY (`sched_name`,`job_name`,`job_group`)
) ENGINE=InnoDB DEFAULT CHARSET=utf8mb4 COLLATE=utf8mb4_0900_ai_ci COMMENT='任务详细信息表';
/*!40101 SET character_set_client = @saved_cs_client */;

--
-- Dumping data for table `QRTZ_JOB_DETAILS`
--

LOCK TABLES `QRTZ_JOB_DETAILS` WRITE;
/*!40000 ALTER TABLE `QRTZ_JOB_DETAILS` DISABLE KEYS */;
/*!40000 ALTER TABLE `QRTZ_JOB_DETAILS` ENABLE KEYS */;
UNLOCK TABLES;

--
-- Table structure for table `QRTZ_LOCKS`
--

DROP TABLE IF EXISTS `QRTZ_LOCKS`;
/*!40101 SET @saved_cs_client     = @@character_set_client */;
/*!50503 SET character_set_client = utf8mb4 */;
CREATE TABLE `QRTZ_LOCKS` (
  `sched_name` varchar(120) NOT NULL COMMENT '调度名称',
  `lock_name` varchar(40) NOT NULL COMMENT '悲观锁名称',
  PRIMARY KEY (`sched_name`,`lock_name`)
) ENGINE=InnoDB DEFAULT CHARSET=utf8mb4 COLLATE=utf8mb4_0900_ai_ci COMMENT='存储的悲观锁信息表';
/*!40101 SET character_set_client = @saved_cs_client */;

--
-- Dumping data for table `QRTZ_LOCKS`
--

LOCK TABLES `QRTZ_LOCKS` WRITE;
/*!40000 ALTER TABLE `QRTZ_LOCKS` DISABLE KEYS */;
/*!40000 ALTER TABLE `QRTZ_LOCKS` ENABLE KEYS */;
UNLOCK TABLES;

--
-- Table structure for table `QRTZ_PAUSED_TRIGGER_GRPS`
--

DROP TABLE IF EXISTS `QRTZ_PAUSED_TRIGGER_GRPS`;
/*!40101 SET @saved_cs_client     = @@character_set_client */;
/*!50503 SET character_set_client = utf8mb4 */;
CREATE TABLE `QRTZ_PAUSED_TRIGGER_GRPS` (
  `sched_name` varchar(120) NOT NULL COMMENT '调度名称',
  `trigger_group` varchar(200) NOT NULL COMMENT 'qrtz_triggers表trigger_group的外键',
  PRIMARY KEY (`sched_name`,`trigger_group`)
) ENGINE=InnoDB DEFAULT CHARSET=utf8mb4 COLLATE=utf8mb4_0900_ai_ci COMMENT='暂停的触发器表';
/*!40101 SET character_set_client = @saved_cs_client */;

--
-- Dumping data for table `QRTZ_PAUSED_TRIGGER_GRPS`
--

LOCK TABLES `QRTZ_PAUSED_TRIGGER_GRPS` WRITE;
/*!40000 ALTER TABLE `QRTZ_PAUSED_TRIGGER_GRPS` DISABLE KEYS */;
/*!40000 ALTER TABLE `QRTZ_PAUSED_TRIGGER_GRPS` ENABLE KEYS */;
UNLOCK TABLES;

--
-- Table structure for table `QRTZ_SCHEDULER_STATE`
--

DROP TABLE IF EXISTS `QRTZ_SCHEDULER_STATE`;
/*!40101 SET @saved_cs_client     = @@character_set_client */;
/*!50503 SET character_set_client = utf8mb4 */;
CREATE TABLE `QRTZ_SCHEDULER_STATE` (
  `sched_name` varchar(120) NOT NULL COMMENT '调度名称',
  `instance_name` varchar(200) NOT NULL COMMENT '实例名称',
  `last_checkin_time` bigint NOT NULL COMMENT '上次检查时间',
  `checkin_interval` bigint NOT NULL COMMENT '检查间隔时间',
  PRIMARY KEY (`sched_name`,`instance_name`)
) ENGINE=InnoDB DEFAULT CHARSET=utf8mb4 COLLATE=utf8mb4_0900_ai_ci COMMENT='调度器状态表';
/*!40101 SET character_set_client = @saved_cs_client */;

--
-- Dumping data for table `QRTZ_SCHEDULER_STATE`
--

LOCK TABLES `QRTZ_SCHEDULER_STATE` WRITE;
/*!40000 ALTER TABLE `QRTZ_SCHEDULER_STATE` DISABLE KEYS */;
/*!40000 ALTER TABLE `QRTZ_SCHEDULER_STATE` ENABLE KEYS */;
UNLOCK TABLES;

--
-- Table structure for table `QRTZ_SIMPLE_TRIGGERS`
--

DROP TABLE IF EXISTS `QRTZ_SIMPLE_TRIGGERS`;
/*!40101 SET @saved_cs_client     = @@character_set_client */;
/*!50503 SET character_set_client = utf8mb4 */;
CREATE TABLE `QRTZ_SIMPLE_TRIGGERS` (
  `sched_name` varchar(120) NOT NULL COMMENT '调度名称',
  `trigger_name` varchar(200) NOT NULL COMMENT 'qrtz_triggers表trigger_name的外键',
  `trigger_group` varchar(200) NOT NULL COMMENT 'qrtz_triggers表trigger_group的外键',
  `repeat_count` bigint NOT NULL COMMENT '重复的次数统计',
  `repeat_interval` bigint NOT NULL COMMENT '重复的间隔时间',
  `times_triggered` bigint NOT NULL COMMENT '已经触发的次数',
  PRIMARY KEY (`sched_name`,`trigger_name`,`trigger_group`),
  CONSTRAINT `QRTZ_SIMPLE_TRIGGERS_ibfk_1` FOREIGN KEY (`sched_name`, `trigger_name`, `trigger_group`) REFERENCES `QRTZ_TRIGGERS` (`sched_name`, `trigger_name`, `trigger_group`)
) ENGINE=InnoDB DEFAULT CHARSET=utf8mb4 COLLATE=utf8mb4_0900_ai_ci COMMENT='简单触发器的信息表';
/*!40101 SET character_set_client = @saved_cs_client */;

--
-- Dumping data for table `QRTZ_SIMPLE_TRIGGERS`
--

LOCK TABLES `QRTZ_SIMPLE_TRIGGERS` WRITE;
/*!40000 ALTER TABLE `QRTZ_SIMPLE_TRIGGERS` DISABLE KEYS */;
/*!40000 ALTER TABLE `QRTZ_SIMPLE_TRIGGERS` ENABLE KEYS */;
UNLOCK TABLES;

--
-- Table structure for table `QRTZ_SIMPROP_TRIGGERS`
--

DROP TABLE IF EXISTS `QRTZ_SIMPROP_TRIGGERS`;
/*!40101 SET @saved_cs_client     = @@character_set_client */;
/*!50503 SET character_set_client = utf8mb4 */;
CREATE TABLE `QRTZ_SIMPROP_TRIGGERS` (
  `sched_name` varchar(120) NOT NULL COMMENT '调度名称',
  `trigger_name` varchar(200) NOT NULL COMMENT 'qrtz_triggers表trigger_name的外键',
  `trigger_group` varchar(200) NOT NULL COMMENT 'qrtz_triggers表trigger_group的外键',
  `str_prop_1` varchar(512) DEFAULT NULL COMMENT 'String类型的trigger的第一个参数',
  `str_prop_2` varchar(512) DEFAULT NULL COMMENT 'String类型的trigger的第二个参数',
  `str_prop_3` varchar(512) DEFAULT NULL COMMENT 'String类型的trigger的第三个参数',
  `int_prop_1` int DEFAULT NULL COMMENT 'int类型的trigger的第一个参数',
  `int_prop_2` int DEFAULT NULL COMMENT 'int类型的trigger的第二个参数',
  `long_prop_1` bigint DEFAULT NULL COMMENT 'long类型的trigger的第一个参数',
  `long_prop_2` bigint DEFAULT NULL COMMENT 'long类型的trigger的第二个参数',
  `dec_prop_1` decimal(13,4) DEFAULT NULL COMMENT 'decimal类型的trigger的第一个参数',
  `dec_prop_2` decimal(13,4) DEFAULT NULL COMMENT 'decimal类型的trigger的第二个参数',
  `bool_prop_1` varchar(1) DEFAULT NULL COMMENT 'Boolean类型的trigger的第一个参数',
  `bool_prop_2` varchar(1) DEFAULT NULL COMMENT 'Boolean类型的trigger的第二个参数',
  PRIMARY KEY (`sched_name`,`trigger_name`,`trigger_group`),
  CONSTRAINT `QRTZ_SIMPROP_TRIGGERS_ibfk_1` FOREIGN KEY (`sched_name`, `trigger_name`, `trigger_group`) REFERENCES `QRTZ_TRIGGERS` (`sched_name`, `trigger_name`, `trigger_group`)
) ENGINE=InnoDB DEFAULT CHARSET=utf8mb4 COLLATE=utf8mb4_0900_ai_ci COMMENT='同步机制的行锁表';
/*!40101 SET character_set_client = @saved_cs_client */;

--
-- Dumping data for table `QRTZ_SIMPROP_TRIGGERS`
--

LOCK TABLES `QRTZ_SIMPROP_TRIGGERS` WRITE;
/*!40000 ALTER TABLE `QRTZ_SIMPROP_TRIGGERS` DISABLE KEYS */;
/*!40000 ALTER TABLE `QRTZ_SIMPROP_TRIGGERS` ENABLE KEYS */;
UNLOCK TABLES;

--
-- Table structure for table `QRTZ_TRIGGERS`
--

DROP TABLE IF EXISTS `QRTZ_TRIGGERS`;
/*!40101 SET @saved_cs_client     = @@character_set_client */;
/*!50503 SET character_set_client = utf8mb4 */;
CREATE TABLE `QRTZ_TRIGGERS` (
  `sched_name` varchar(120) NOT NULL COMMENT '调度名称',
  `trigger_name` varchar(200) NOT NULL COMMENT '触发器的名字',
  `trigger_group` varchar(200) NOT NULL COMMENT '触发器所属组的名字',
  `job_name` varchar(200) NOT NULL COMMENT 'qrtz_job_details表job_name的外键',
  `job_group` varchar(200) NOT NULL COMMENT 'qrtz_job_details表job_group的外键',
  `description` varchar(250) DEFAULT NULL COMMENT '相关介绍',
  `next_fire_time` bigint DEFAULT NULL COMMENT '上一次触发时间（毫秒）',
  `prev_fire_time` bigint DEFAULT NULL COMMENT '下一次触发时间（默认为-1表示不触发）',
  `priority` int DEFAULT NULL COMMENT '优先级',
  `trigger_state` varchar(16) NOT NULL COMMENT '触发器状态',
  `trigger_type` varchar(8) NOT NULL COMMENT '触发器的类型',
  `start_time` bigint NOT NULL COMMENT '开始时间',
  `end_time` bigint DEFAULT NULL COMMENT '结束时间',
  `calendar_name` varchar(200) DEFAULT NULL COMMENT '日程表名称',
  `misfire_instr` smallint DEFAULT NULL COMMENT '补偿执行的策略',
  `job_data` blob COMMENT '存放持久化job对象',
  PRIMARY KEY (`sched_name`,`trigger_name`,`trigger_group`),
  KEY `sched_name` (`sched_name`,`job_name`,`job_group`),
  CONSTRAINT `QRTZ_TRIGGERS_ibfk_1` FOREIGN KEY (`sched_name`, `job_name`, `job_group`) REFERENCES `QRTZ_JOB_DETAILS` (`sched_name`, `job_name`, `job_group`)
) ENGINE=InnoDB DEFAULT CHARSET=utf8mb4 COLLATE=utf8mb4_0900_ai_ci COMMENT='触发器详细信息表';
/*!40101 SET character_set_client = @saved_cs_client */;

--
-- Dumping data for table `QRTZ_TRIGGERS`
--

LOCK TABLES `QRTZ_TRIGGERS` WRITE;
/*!40000 ALTER TABLE `QRTZ_TRIGGERS` DISABLE KEYS */;
/*!40000 ALTER TABLE `QRTZ_TRIGGERS` ENABLE KEYS */;
UNLOCK TABLES;

--
-- Table structure for table `gen_table`
--

DROP TABLE IF EXISTS `gen_table`;
/*!40101 SET @saved_cs_client     = @@character_set_client */;
/*!50503 SET character_set_client = utf8mb4 */;
CREATE TABLE `gen_table` (
  `table_id` bigint NOT NULL AUTO_INCREMENT COMMENT '编号',
  `table_name` varchar(200) DEFAULT '' COMMENT '表名称',
  `table_comment` varchar(500) DEFAULT '' COMMENT '表描述',
  `sub_table_name` varchar(64) DEFAULT NULL COMMENT '关联子表的表名',
  `sub_table_fk_name` varchar(64) DEFAULT NULL COMMENT '子表关联的外键名',
  `class_name` varchar(100) DEFAULT '' COMMENT '实体类名称',
  `tpl_category` varchar(200) DEFAULT 'crud' COMMENT '使用的模板（crud单表操作 tree树表操作）',
  `tpl_web_type` varchar(30) DEFAULT '' COMMENT '前端模板类型（element-ui模版 element-plus模版）',
  `package_name` varchar(100) DEFAULT NULL COMMENT '生成包路径',
  `module_name` varchar(30) DEFAULT NULL COMMENT '生成模块名',
  `business_name` varchar(30) DEFAULT NULL COMMENT '生成业务名',
  `function_name` varchar(50) DEFAULT NULL COMMENT '生成功能名',
  `function_author` varchar(50) DEFAULT NULL COMMENT '生成功能作者',
  `gen_type` char(1) DEFAULT '0' COMMENT '生成代码方式（0zip压缩包 1自定义路径）',
  `gen_path` varchar(200) DEFAULT '/' COMMENT '生成路径（不填默认项目路径）',
  `options` varchar(1000) DEFAULT NULL COMMENT '其它生成选项',
  `create_by` varchar(64) DEFAULT '' COMMENT '创建者',
  `create_time` datetime DEFAULT NULL COMMENT '创建时间',
  `update_by` varchar(64) DEFAULT '' COMMENT '更新者',
  `update_time` datetime DEFAULT NULL COMMENT '更新时间',
  `remark` varchar(500) DEFAULT NULL COMMENT '备注',
  PRIMARY KEY (`table_id`)
) ENGINE=InnoDB AUTO_INCREMENT=7 DEFAULT CHARSET=utf8mb4 COLLATE=utf8mb4_0900_ai_ci COMMENT='代码生成业务表';
/*!40101 SET character_set_client = @saved_cs_client */;

--
-- Dumping data for table `gen_table`
--

LOCK TABLES `gen_table` WRITE;
/*!40000 ALTER TABLE `gen_table` DISABLE KEYS */;
/*!40000 ALTER TABLE `gen_table` ENABLE KEYS */;
UNLOCK TABLES;

--
-- Table structure for table `gen_table_column`
--

DROP TABLE IF EXISTS `gen_table_column`;
/*!40101 SET @saved_cs_client     = @@character_set_client */;
/*!50503 SET character_set_client = utf8mb4 */;
CREATE TABLE `gen_table_column` (
  `column_id` bigint NOT NULL AUTO_INCREMENT COMMENT '编号',
  `table_id` bigint DEFAULT NULL COMMENT '归属表编号',
  `column_name` varchar(200) DEFAULT NULL COMMENT '列名称',
  `column_comment` varchar(500) DEFAULT NULL COMMENT '列描述',
  `column_type` varchar(100) DEFAULT NULL COMMENT '列类型',
  `java_type` varchar(500) DEFAULT NULL COMMENT 'JAVA类型',
  `java_field` varchar(200) DEFAULT NULL COMMENT 'JAVA字段名',
  `is_pk` char(1) DEFAULT NULL COMMENT '是否主键（1是）',
  `is_increment` char(1) DEFAULT NULL COMMENT '是否自增（1是）',
  `is_required` char(1) DEFAULT NULL COMMENT '是否必填（1是）',
  `is_insert` char(1) DEFAULT NULL COMMENT '是否为插入字段（1是）',
  `is_edit` char(1) DEFAULT NULL COMMENT '是否编辑字段（1是）',
  `is_list` char(1) DEFAULT NULL COMMENT '是否列表字段（1是）',
  `is_query` char(1) DEFAULT NULL COMMENT '是否查询字段（1是）',
  `query_type` varchar(200) DEFAULT 'EQ' COMMENT '查询方式（等于、不等于、大于、小于、范围）',
  `html_type` varchar(200) DEFAULT NULL COMMENT '显示类型（文本框、文本域、下拉框、复选框、单选框、日期控件）',
  `dict_type` varchar(200) DEFAULT '' COMMENT '字典类型',
  `sort` int DEFAULT NULL COMMENT '排序',
  `create_by` varchar(64) DEFAULT '' COMMENT '创建者',
  `create_time` datetime DEFAULT NULL COMMENT '创建时间',
  `update_by` varchar(64) DEFAULT '' COMMENT '更新者',
  `update_time` datetime DEFAULT NULL COMMENT '更新时间',
  PRIMARY KEY (`column_id`)
) ENGINE=InnoDB AUTO_INCREMENT=80 DEFAULT CHARSET=utf8mb4 COLLATE=utf8mb4_0900_ai_ci COMMENT='代码生成业务表字段';
/*!40101 SET character_set_client = @saved_cs_client */;

--
-- Dumping data for table `gen_table_column`
--

LOCK TABLES `gen_table_column` WRITE;
/*!40000 ALTER TABLE `gen_table_column` DISABLE KEYS */;
/*!40000 ALTER TABLE `gen_table_column` ENABLE KEYS */;
UNLOCK TABLES;

--
-- Table structure for table `sys_config`
--

DROP TABLE IF EXISTS `sys_config`;
/*!40101 SET @saved_cs_client     = @@character_set_client */;
/*!50503 SET character_set_client = utf8mb4 */;
CREATE TABLE `sys_config` (
  `config_id` int NOT NULL AUTO_INCREMENT COMMENT '参数主键',
  `config_name` varchar(100) DEFAULT '' COMMENT '参数名称',
  `config_key` varchar(100) DEFAULT '' COMMENT '参数键名',
  `config_value` varchar(500) DEFAULT '' COMMENT '参数键值',
  `config_type` char(1) DEFAULT 'N' COMMENT '系统内置（Y是 N否）',
  `create_by` varchar(64) DEFAULT '' COMMENT '创建者',
  `create_time` datetime DEFAULT NULL COMMENT '创建时间',
  `update_by` varchar(64) DEFAULT '' COMMENT '更新者',
  `update_time` datetime DEFAULT NULL COMMENT '更新时间',
  `remark` varchar(500) DEFAULT NULL COMMENT '备注',
  PRIMARY KEY (`config_id`)
) ENGINE=InnoDB AUTO_INCREMENT=100 DEFAULT CHARSET=utf8mb4 COLLATE=utf8mb4_0900_ai_ci COMMENT='参数配置表';
/*!40101 SET character_set_client = @saved_cs_client */;

--
-- Dumping data for table `sys_config`
--

LOCK TABLES `sys_config` WRITE;
/*!40000 ALTER TABLE `sys_config` DISABLE KEYS */;
INSERT INTO `sys_config` VALUES (1,'主框架页-默认皮肤样式名称','sys.index.skinName','skin-blue','Y','admin','2026-03-06 01:54:38','',NULL,'蓝色 skin-blue、绿色 skin-green、紫色 skin-purple、红色 skin-red、黄色 skin-yellow'),(2,'用户管理-账号初始密码','sys.user.initPassword','123456','Y','admin','2026-03-06 01:54:38','',NULL,'初始化密码 123456'),(3,'主框架页-侧边栏主题','sys.index.sideTheme','theme-dark','Y','admin','2026-03-06 01:54:38','',NULL,'深色主题theme-dark，浅色主题theme-light'),(4,'账号自助-验证码开关','sys.account.captchaEnabled','true','Y','admin','2026-03-06 01:54:38','',NULL,'是否开启验证码功能（true开启，false关闭）'),(5,'账号自助-是否开启用户注册功能','sys.account.registerUser','false','Y','admin','2026-03-06 01:54:38','',NULL,'是否开启注册用户功能（true开启，false关闭）'),(6,'用户登录-黑名单列表','sys.login.blackIPList','','Y','admin','2026-03-06 01:54:38','',NULL,'设置登录IP黑名单限制，多个匹配项以;分隔，支持匹配（*通配、网段）'),(7,'用户管理-初始密码修改策略','sys.account.initPasswordModify','1','Y','admin','2026-03-06 01:54:38','',NULL,'0：初始密码修改策略关闭，没有任何提示，1：提醒用户，如果未修改初始密码，则在登录时就会提醒修改密码对话框'),(8,'用户管理-账号密码更新周期','sys.account.passwordValidateDays','0','Y','admin','2026-03-06 01:54:38','',NULL,'密码更新周期（填写数字，数据初始化值为0不限制，若修改必须为大于0小于365的正整数），如果超过这个周期登录系统时，则在登录时就会提醒修改密码对话框');
/*!40000 ALTER TABLE `sys_config` ENABLE KEYS */;
UNLOCK TABLES;

--
-- Table structure for table `sys_dept`
--

DROP TABLE IF EXISTS `sys_dept`;
/*!40101 SET @saved_cs_client     = @@character_set_client */;
/*!50503 SET character_set_client = utf8mb4 */;
CREATE TABLE `sys_dept` (
  `dept_id` bigint NOT NULL AUTO_INCREMENT COMMENT '部门id',
  `parent_id` bigint DEFAULT '0' COMMENT '父部门id',
  `ancestors` varchar(50) DEFAULT '' COMMENT '祖级列表',
  `dept_name` varchar(30) DEFAULT '' COMMENT '部门名称',
  `order_num` int DEFAULT '0' COMMENT '显示顺序',
  `leader` varchar(20) DEFAULT NULL COMMENT '负责人',
  `phone` varchar(11) DEFAULT NULL COMMENT '联系电话',
  `email` varchar(50) DEFAULT NULL COMMENT '邮箱',
  `status` char(1) DEFAULT '0' COMMENT '部门状态（0正常 1停用）',
  `del_flag` char(1) DEFAULT '0' COMMENT '删除标志（0代表存在 2代表删除）',
  `create_by` varchar(64) DEFAULT '' COMMENT '创建者',
  `create_time` datetime DEFAULT NULL COMMENT '创建时间',
  `update_by` varchar(64) DEFAULT '' COMMENT '更新者',
  `update_time` datetime DEFAULT NULL COMMENT '更新时间',
  PRIMARY KEY (`dept_id`)
) ENGINE=InnoDB AUTO_INCREMENT=200 DEFAULT CHARSET=utf8mb4 COLLATE=utf8mb4_0900_ai_ci COMMENT='部门表';
/*!40101 SET character_set_client = @saved_cs_client */;

--
-- Dumping data for table `sys_dept`
--

LOCK TABLES `sys_dept` WRITE;
/*!40000 ALTER TABLE `sys_dept` DISABLE KEYS */;
INSERT INTO `sys_dept` VALUES (100,0,'0','若依科技',0,'若依','15888888888','ry@qq.com','0','0','admin','2026-03-06 01:54:36','',NULL),(101,100,'0,100','深圳总公司',1,'若依','15888888888','ry@qq.com','0','0','admin','2026-03-06 01:54:36','',NULL),(102,100,'0,100','长沙分公司',2,'若依','15888888888','ry@qq.com','0','0','admin','2026-03-06 01:54:36','',NULL),(103,101,'0,100,101','研发部门',1,'若依','15888888888','ry@qq.com','0','0','admin','2026-03-06 01:54:36','',NULL),(104,101,'0,100,101','市场部门',2,'若依','15888888888','ry@qq.com','0','0','admin','2026-03-06 01:54:36','',NULL),(105,101,'0,100,101','测试部门',3,'若依','15888888888','ry@qq.com','0','0','admin','2026-03-06 01:54:36','',NULL),(106,101,'0,100,101','财务部门',4,'若依','15888888888','ry@qq.com','0','0','admin','2026-03-06 01:54:36','',NULL),(107,101,'0,100,101','运维部门',5,'若依','15888888888','ry@qq.com','0','0','admin','2026-03-06 01:54:36','',NULL),(108,102,'0,100,102','市场部门',1,'若依','15888888888','ry@qq.com','0','0','admin','2026-03-06 01:54:36','',NULL),(109,102,'0,100,102','财务部门',2,'若依','15888888888','ry@qq.com','0','0','admin','2026-03-06 01:54:36','',NULL);
/*!40000 ALTER TABLE `sys_dept` ENABLE KEYS */;
UNLOCK TABLES;

--
-- Table structure for table `sys_dict_data`
--

DROP TABLE IF EXISTS `sys_dict_data`;
/*!40101 SET @saved_cs_client     = @@character_set_client */;
/*!50503 SET character_set_client = utf8mb4 */;
CREATE TABLE `sys_dict_data` (
  `dict_code` bigint NOT NULL AUTO_INCREMENT COMMENT '字典编码',
  `dict_sort` int DEFAULT '0' COMMENT '字典排序',
  `dict_label` varchar(100) DEFAULT '' COMMENT '字典标签',
  `dict_value` varchar(100) DEFAULT '' COMMENT '字典键值',
  `dict_type` varchar(100) DEFAULT '' COMMENT '字典类型',
  `css_class` varchar(100) DEFAULT NULL COMMENT '样式属性（其他样式扩展）',
  `list_class` varchar(100) DEFAULT NULL COMMENT '表格回显样式',
  `is_default` char(1) DEFAULT 'N' COMMENT '是否默认（Y是 N否）',
  `status` char(1) DEFAULT '0' COMMENT '状态（0正常 1停用）',
  `create_by` varchar(64) DEFAULT '' COMMENT '创建者',
  `create_time` datetime DEFAULT NULL COMMENT '创建时间',
  `update_by` varchar(64) DEFAULT '' COMMENT '更新者',
  `update_time` datetime DEFAULT NULL COMMENT '更新时间',
  `remark` varchar(500) DEFAULT NULL COMMENT '备注',
  PRIMARY KEY (`dict_code`)
) ENGINE=InnoDB AUTO_INCREMENT=110 DEFAULT CHARSET=utf8mb4 COLLATE=utf8mb4_0900_ai_ci COMMENT='字典数据表';
/*!40101 SET character_set_client = @saved_cs_client */;

--
-- Dumping data for table `sys_dict_data`
--

LOCK TABLES `sys_dict_data` WRITE;
/*!40000 ALTER TABLE `sys_dict_data` DISABLE KEYS */;
INSERT INTO `sys_dict_data` VALUES (1,1,'男','0','sys_user_sex','','','Y','0','admin','2026-03-06 01:54:38','',NULL,'性别男'),(2,2,'女','1','sys_user_sex','','','N','0','admin','2026-03-06 01:54:38','',NULL,'性别女'),(3,3,'未知','2','sys_user_sex','','','N','0','admin','2026-03-06 01:54:38','',NULL,'性别未知'),(4,1,'显示','0','sys_show_hide','','primary','Y','0','admin','2026-03-06 01:54:38','',NULL,'显示菜单'),(5,2,'隐藏','1','sys_show_hide','','danger','N','0','admin','2026-03-06 01:54:38','',NULL,'隐藏菜单'),(6,1,'正常','0','sys_normal_disable','','primary','Y','0','admin','2026-03-06 01:54:38','',NULL,'正常状态'),(7,2,'停用','1','sys_normal_disable','','danger','N','0','admin','2026-03-06 01:54:38','',NULL,'停用状态'),(8,1,'正常','0','sys_job_status','','primary','Y','0','admin','2026-03-06 01:54:38','',NULL,'正常状态'),(9,2,'暂停','1','sys_job_status','','danger','N','0','admin','2026-03-06 01:54:38','',NULL,'停用状态'),(10,1,'默认','DEFAULT','sys_job_group','','','Y','0','admin','2026-03-06 01:54:38','',NULL,'默认分组'),(11,2,'系统','SYSTEM','sys_job_group','','','N','0','admin','2026-03-06 01:54:38','',NULL,'系统分组'),(12,1,'是','Y','sys_yes_no','','primary','Y','0','admin','2026-03-06 01:54:38','',NULL,'系统默认是'),(13,2,'否','N','sys_yes_no','','danger','N','0','admin','2026-03-06 01:54:38','',NULL,'系统默认否'),(14,1,'通知','1','sys_notice_type','','warning','Y','0','admin','2026-03-06 01:54:38','',NULL,'通知'),(15,2,'公告','2','sys_notice_type','','success','N','0','admin','2026-03-06 01:54:38','',NULL,'公告'),(16,1,'正常','0','sys_notice_status','','primary','Y','0','admin','2026-03-06 01:54:38','',NULL,'正常状态'),(17,2,'关闭','1','sys_notice_status','','danger','N','0','admin','2026-03-06 01:54:38','',NULL,'关闭状态'),(18,99,'其他','0','sys_oper_type','','info','N','0','admin','2026-03-06 01:54:38','',NULL,'其他操作'),(19,1,'新增','1','sys_oper_type','','info','N','0','admin','2026-03-06 01:54:38','',NULL,'新增操作'),(20,2,'修改','2','sys_oper_type','','info','N','0','admin','2026-03-06 01:54:38','',NULL,'修改操作'),(21,3,'删除','3','sys_oper_type','','danger','N','0','admin','2026-03-06 01:54:38','',NULL,'删除操作'),(22,4,'授权','4','sys_oper_type','','primary','N','0','admin','2026-03-06 01:54:38','',NULL,'授权操作'),(23,5,'导出','5','sys_oper_type','','warning','N','0','admin','2026-03-06 01:54:38','',NULL,'导出操作'),(24,6,'导入','6','sys_oper_type','','warning','N','0','admin','2026-03-06 01:54:38','',NULL,'导入操作'),(25,7,'强退','7','sys_oper_type','','danger','N','0','admin','2026-03-06 01:54:38','',NULL,'强退操作'),(26,8,'生成代码','8','sys_oper_type','','warning','N','0','admin','2026-03-06 01:54:38','',NULL,'生成操作'),(27,9,'清空数据','9','sys_oper_type','','danger','N','0','admin','2026-03-06 01:54:38','',NULL,'清空操作'),(28,1,'成功','0','sys_common_status','','primary','N','0','admin','2026-03-06 01:54:38','',NULL,'正常状态'),(29,2,'失败','1','sys_common_status','','danger','N','0','admin','2026-03-06 01:54:38','',NULL,'停用状态'),(100,0,'学生','1','reader_type',NULL,'info','N','0','admin','2026-03-09 01:49:32','admin','2026-03-09 02:50:35',NULL),(101,1,'职工','2','reader_type',NULL,'primary','N','0','admin','2026-03-09 01:49:44','',NULL,NULL),(102,0,'借出','1','borrow_status',NULL,'primary','N','0','admin','2026-03-09 01:53:09','',NULL,NULL),(103,1,'已归还','2','borrow_status',NULL,'success','N','0','admin','2026-03-09 01:53:29','',NULL,NULL),(104,2,'逾期','3','borrow_status',NULL,'warning','N','0','admin','2026-03-09 01:53:53','',NULL,NULL),(105,3,'遗失','4','borrow_status',NULL,'danger','N','0','admin','2026-03-09 01:54:06','admin','2026-03-09 01:54:22',NULL),(106,0,'启用','1','category_status',NULL,'success','N','0','admin','2026-03-09 02:14:58','',NULL,NULL),(107,1,'禁用','0','category_status',NULL,'danger','N','0','admin','2026-03-09 02:15:15','',NULL,NULL),(108,0,'在架','1','book_status',NULL,'success','N','0','admin','2026-03-09 02:50:02','',NULL,NULL),(109,1,'未上架','2','book_status',NULL,'info','N','0','admin','2026-03-09 02:50:13','admin','2026-03-09 02:50:21',NULL);
/*!40000 ALTER TABLE `sys_dict_data` ENABLE KEYS */;
UNLOCK TABLES;

--
-- Table structure for table `sys_dict_type`
--

DROP TABLE IF EXISTS `sys_dict_type`;
/*!40101 SET @saved_cs_client     = @@character_set_client */;
/*!50503 SET character_set_client = utf8mb4 */;
CREATE TABLE `sys_dict_type` (
  `dict_id` bigint NOT NULL AUTO_INCREMENT COMMENT '字典主键',
  `dict_name` varchar(100) DEFAULT '' COMMENT '字典名称',
  `dict_type` varchar(100) DEFAULT '' COMMENT '字典类型',
  `status` char(1) DEFAULT '0' COMMENT '状态（0正常 1停用）',
  `create_by` varchar(64) DEFAULT '' COMMENT '创建者',
  `create_time` datetime DEFAULT NULL COMMENT '创建时间',
  `update_by` varchar(64) DEFAULT '' COMMENT '更新者',
  `update_time` datetime DEFAULT NULL COMMENT '更新时间',
  `remark` varchar(500) DEFAULT NULL COMMENT '备注',
  PRIMARY KEY (`dict_id`),
  UNIQUE KEY `dict_type` (`dict_type`)
) ENGINE=InnoDB AUTO_INCREMENT=105 DEFAULT CHARSET=utf8mb4 COLLATE=utf8mb4_0900_ai_ci COMMENT='字典类型表';
/*!40101 SET character_set_client = @saved_cs_client */;

--
-- Dumping data for table `sys_dict_type`
--

LOCK TABLES `sys_dict_type` WRITE;
/*!40000 ALTER TABLE `sys_dict_type` DISABLE KEYS */;
INSERT INTO `sys_dict_type` VALUES (1,'用户性别','sys_user_sex','0','admin','2026-03-06 01:54:38','',NULL,'用户性别列表'),(2,'菜单状态','sys_show_hide','0','admin','2026-03-06 01:54:38','',NULL,'菜单状态列表'),(3,'系统开关','sys_normal_disable','0','admin','2026-03-06 01:54:38','',NULL,'系统开关列表'),(4,'任务状态','sys_job_status','0','admin','2026-03-06 01:54:38','',NULL,'任务状态列表'),(5,'任务分组','sys_job_group','0','admin','2026-03-06 01:54:38','',NULL,'任务分组列表'),(6,'系统是否','sys_yes_no','0','admin','2026-03-06 01:54:38','',NULL,'系统是否列表'),(7,'通知类型','sys_notice_type','0','admin','2026-03-06 01:54:38','',NULL,'通知类型列表'),(8,'通知状态','sys_notice_status','0','admin','2026-03-06 01:54:38','',NULL,'通知状态列表'),(9,'操作类型','sys_oper_type','0','admin','2026-03-06 01:54:38','',NULL,'操作类型列表'),(10,'系统状态','sys_common_status','0','admin','2026-03-06 01:54:38','',NULL,'登录状态列表'),(100,'读者类型','reader_type','0','admin','2026-03-09 01:46:16','admin','2026-03-09 01:46:53',NULL),(101,'借阅状态','borrow_status','0','admin','2026-03-09 01:52:17','',NULL,NULL),(102,'图书分类状态','category_status','0','admin','2026-03-09 02:14:40','',NULL,NULL),(103,'图书状态','book_status','0','admin','2026-03-09 02:49:38','',NULL,NULL),(104,'读者状态','reader_status','0','admin','2026-03-10 09:47:20','',NULL,NULL);
/*!40000 ALTER TABLE `sys_dict_type` ENABLE KEYS */;
UNLOCK TABLES;

--
-- Table structure for table `sys_job`
--

DROP TABLE IF EXISTS `sys_job`;
/*!40101 SET @saved_cs_client     = @@character_set_client */;
/*!50503 SET character_set_client = utf8mb4 */;
CREATE TABLE `sys_job` (
  `job_id` bigint NOT NULL AUTO_INCREMENT COMMENT '任务ID',
  `job_name` varchar(64) NOT NULL DEFAULT '' COMMENT '任务名称',
  `job_group` varchar(64) NOT NULL DEFAULT 'DEFAULT' COMMENT '任务组名',
  `invoke_target` varchar(500) NOT NULL COMMENT '调用目标字符串',
  `cron_expression` varchar(255) DEFAULT '' COMMENT 'cron执行表达式',
  `misfire_policy` varchar(20) DEFAULT '3' COMMENT '计划执行错误策略（1立即执行 2执行一次 3放弃执行）',
  `concurrent` char(1) DEFAULT '1' COMMENT '是否并发执行（0允许 1禁止）',
  `status` char(1) DEFAULT '0' COMMENT '状态（0正常 1暂停）',
  `create_by` varchar(64) DEFAULT '' COMMENT '创建者',
  `create_time` datetime DEFAULT NULL COMMENT '创建时间',
  `update_by` varchar(64) DEFAULT '' COMMENT '更新者',
  `update_time` datetime DEFAULT NULL COMMENT '更新时间',
  `remark` varchar(500) DEFAULT '' COMMENT '备注信息',
  PRIMARY KEY (`job_id`,`job_name`,`job_group`)
) ENGINE=InnoDB AUTO_INCREMENT=100 DEFAULT CHARSET=utf8mb4 COLLATE=utf8mb4_0900_ai_ci COMMENT='定时任务调度表';
/*!40101 SET character_set_client = @saved_cs_client */;

--
-- Dumping data for table `sys_job`
--

LOCK TABLES `sys_job` WRITE;
/*!40000 ALTER TABLE `sys_job` DISABLE KEYS */;
INSERT INTO `sys_job` VALUES (1,'系统默认（无参）','DEFAULT','ryTask.ryNoParams','0/10 * * * * ?','3','1','1','admin','2026-03-06 01:54:38','',NULL,''),(2,'系统默认（有参）','DEFAULT','ryTask.ryParams(\'ry\')','0/15 * * * * ?','3','1','1','admin','2026-03-06 01:54:38','',NULL,''),(3,'系统默认（多参）','DEFAULT','ryTask.ryMultipleParams(\'ry\', true, 2000L, 316.50D, 100)','0/20 * * * * ?','3','1','1','admin','2026-03-06 01:54:38','',NULL,'');
/*!40000 ALTER TABLE `sys_job` ENABLE KEYS */;
UNLOCK TABLES;

--
-- Table structure for table `sys_job_log`
--

DROP TABLE IF EXISTS `sys_job_log`;
/*!40101 SET @saved_cs_client     = @@character_set_client */;
/*!50503 SET character_set_client = utf8mb4 */;
CREATE TABLE `sys_job_log` (
  `job_log_id` bigint NOT NULL AUTO_INCREMENT COMMENT '任务日志ID',
  `job_name` varchar(64) NOT NULL COMMENT '任务名称',
  `job_group` varchar(64) NOT NULL COMMENT '任务组名',
  `invoke_target` varchar(500) NOT NULL COMMENT '调用目标字符串',
  `job_message` varchar(500) DEFAULT NULL COMMENT '日志信息',
  `status` char(1) DEFAULT '0' COMMENT '执行状态（0正常 1失败）',
  `exception_info` varchar(2000) DEFAULT '' COMMENT '异常信息',
  `create_time` datetime DEFAULT NULL COMMENT '创建时间',
  PRIMARY KEY (`job_log_id`)
) ENGINE=InnoDB DEFAULT CHARSET=utf8mb4 COLLATE=utf8mb4_0900_ai_ci COMMENT='定时任务调度日志表';
/*!40101 SET character_set_client = @saved_cs_client */;

--
-- Dumping data for table `sys_job_log`
--

LOCK TABLES `sys_job_log` WRITE;
/*!40000 ALTER TABLE `sys_job_log` DISABLE KEYS */;
/*!40000 ALTER TABLE `sys_job_log` ENABLE KEYS */;
UNLOCK TABLES;

--
-- Table structure for table `sys_logininfor`
--

DROP TABLE IF EXISTS `sys_logininfor`;
/*!40101 SET @saved_cs_client     = @@character_set_client */;
/*!50503 SET character_set_client = utf8mb4 */;
CREATE TABLE `sys_logininfor` (
  `info_id` bigint NOT NULL AUTO_INCREMENT COMMENT '访问ID',
  `user_name` varchar(50) DEFAULT '' COMMENT '用户账号',
  `ipaddr` varchar(128) DEFAULT '' COMMENT '登录IP地址',
  `login_location` varchar(255) DEFAULT '' COMMENT '登录地点',
  `browser` varchar(50) DEFAULT '' COMMENT '浏览器类型',
  `os` varchar(50) DEFAULT '' COMMENT '操作系统',
  `status` char(1) DEFAULT '0' COMMENT '登录状态（0成功 1失败）',
  `msg` varchar(255) DEFAULT '' COMMENT '提示消息',
  `login_time` datetime DEFAULT NULL COMMENT '访问时间',
  PRIMARY KEY (`info_id`),
  KEY `idx_sys_logininfor_s` (`status`),
  KEY `idx_sys_logininfor_lt` (`login_time`)
) ENGINE=InnoDB AUTO_INCREMENT=130 DEFAULT CHARSET=utf8mb4 COLLATE=utf8mb4_0900_ai_ci COMMENT='系统访问记录';
/*!40101 SET character_set_client = @saved_cs_client */;

--
-- Dumping data for table `sys_logininfor`
--

LOCK TABLES `sys_logininfor` WRITE;
/*!40000 ALTER TABLE `sys_logininfor` DISABLE KEYS */;
INSERT INTO `sys_logininfor` VALUES (100,'admin','127.0.0.1','内网IP','Edge 145','Windows >=10','0','退出成功','2026-03-06 01:56:19'),(101,'admin','127.0.0.1','内网IP','Edge 145','Windows >=10','0','登录成功','2026-03-06 01:56:22'),(102,'admin','127.0.0.1','内网IP','Edge 145','Windows >=10','0','登录成功','2026-03-06 03:18:43'),(103,'admin','127.0.0.1','内网IP','Edge 145','Windows >=10','0','登录成功','2026-03-06 04:00:50'),(104,'admin','127.0.0.1','内网IP','IntelliJ HTTP Client 2025.3.3','','0','登录成功','2026-03-07 09:23:39'),(105,'admin','127.0.0.1','内网IP','IntelliJ HTTP Client 2025.3.3','','0','登录成功','2026-03-08 01:53:59'),(106,'admin','127.0.0.1','内网IP','IntelliJ HTTP Client 2025.3.3','','0','登录成功','2026-03-08 02:49:17'),(107,'admin','127.0.0.1','内网IP','IntelliJ HTTP Client 2025.3.3','','0','登录成功','2026-03-08 06:35:28'),(108,'admin','127.0.0.1','内网IP','IntelliJ HTTP Client 2025.3.3','','0','登录成功','2026-03-08 08:02:00'),(109,'admin','127.0.0.1','内网IP','IntelliJ HTTP Client 2025.3.3','','0','登录成功','2026-03-08 08:02:00'),(110,'admin','127.0.0.1','内网IP','IntelliJ HTTP Client 2025.3.3','','0','登录成功','2026-03-08 08:41:54'),(111,'admin','127.0.0.1','内网IP','IntelliJ HTTP Client 2025.3.3','','0','登录成功','2026-03-08 08:50:35'),(112,'admin','127.0.0.1','内网IP','IntelliJ HTTP Client 2025.3.3','','0','登录成功','2026-03-09 01:05:32'),(113,'admin','127.0.0.1','内网IP','Edge 145','Windows >=10','0','登录成功','2026-03-09 01:12:40'),(114,'admin','127.0.0.1','内网IP','Edge 145','Windows >=10','0','登录成功','2026-03-09 02:48:37'),(115,'admin','127.0.0.1','内网IP','Edge 145','Windows >=10','0','登录成功','2026-03-09 04:14:42'),(116,'admin','127.0.0.1','内网IP','Edge 145','Windows >=10','0','登录成功','2026-03-09 06:21:41'),(117,'admin','127.0.0.1','内网IP','Edge 145','Windows >=10','0','登录成功','2026-03-09 08:06:02'),(118,'admin','127.0.0.1','内网IP','Edge 145','Windows >=10','0','登录成功','2026-03-09 12:03:30'),(119,'admin','127.0.0.1','内网IP','Edge 145','Windows >=10','0','登录成功','2026-03-10 01:08:07'),(120,'admin','127.0.0.1','内网IP','Edge 145','Windows >=10','0','登录成功','2026-03-10 08:19:19'),(121,'admin','127.0.0.1','内网IP','Edge 145','Windows >=10','0','登录成功','2026-03-10 10:36:59'),(122,'admin','127.0.0.1','内网IP','Edge 145','Windows >=10','0','登录成功','2026-03-12 09:10:09'),(123,'admin','127.0.0.1','内网IP','Edge 146','Windows >=10','0','登录成功','2026-04-01 02:38:13'),(124,'admin','127.0.0.1','内网IP','Edge 146','Windows >=10','0','登录成功','2026-04-01 08:34:33'),(125,'admin','127.0.0.1','内网IP','Edge 146','Windows >=10','0','登录成功','2026-04-03 12:17:10'),(126,'admin','127.0.0.1','内网IP','Edge 146','Windows >=10','1','验证码错误','2026-04-03 13:16:24'),(127,'admin','127.0.0.1','内网IP','Edge 146','Windows >=10','0','登录成功','2026-04-03 13:16:29'),(128,'admin','127.0.0.1','内网IP','Edge 146','Windows >=10','0','登录成功','2026-04-07 11:55:40'),(129,'admin','127.0.0.1','内网IP','Edge 146','Windows >=10','0','登录成功','2026-04-07 13:31:02');
/*!40000 ALTER TABLE `sys_logininfor` ENABLE KEYS */;
UNLOCK TABLES;

--
-- Table structure for table `sys_menu`
--

DROP TABLE IF EXISTS `sys_menu`;
/*!40101 SET @saved_cs_client     = @@character_set_client */;
/*!50503 SET character_set_client = utf8mb4 */;
CREATE TABLE `sys_menu` (
  `menu_id` bigint NOT NULL AUTO_INCREMENT COMMENT '菜单ID',
  `menu_name` varchar(50) NOT NULL COMMENT '菜单名称',
  `parent_id` bigint DEFAULT '0' COMMENT '父菜单ID',
  `order_num` int DEFAULT '0' COMMENT '显示顺序',
  `path` varchar(200) DEFAULT '' COMMENT '路由地址',
  `component` varchar(255) DEFAULT NULL COMMENT '组件路径',
  `query` varchar(255) DEFAULT NULL COMMENT '路由参数',
  `route_name` varchar(50) DEFAULT '' COMMENT '路由名称',
  `is_frame` int DEFAULT '1' COMMENT '是否为外链（0是 1否）',
  `is_cache` int DEFAULT '0' COMMENT '是否缓存（0缓存 1不缓存）',
  `menu_type` char(1) DEFAULT '' COMMENT '菜单类型（M目录 C菜单 F按钮）',
  `visible` char(1) DEFAULT '0' COMMENT '菜单状态（0显示 1隐藏）',
  `status` char(1) DEFAULT '0' COMMENT '菜单状态（0正常 1停用）',
  `perms` varchar(100) DEFAULT NULL COMMENT '权限标识',
  `icon` varchar(100) DEFAULT '#' COMMENT '菜单图标',
  `create_by` varchar(64) DEFAULT '' COMMENT '创建者',
  `create_time` datetime DEFAULT NULL COMMENT '创建时间',
  `update_by` varchar(64) DEFAULT '' COMMENT '更新者',
  `update_time` datetime DEFAULT NULL COMMENT '更新时间',
  `remark` varchar(500) DEFAULT '' COMMENT '备注',
  PRIMARY KEY (`menu_id`)
) ENGINE=InnoDB AUTO_INCREMENT=2037 DEFAULT CHARSET=utf8mb4 COLLATE=utf8mb4_0900_ai_ci COMMENT='菜单权限表';
/*!40101 SET character_set_client = @saved_cs_client */;

--
-- Dumping data for table `sys_menu`
--

LOCK TABLES `sys_menu` WRITE;
/*!40000 ALTER TABLE `sys_menu` DISABLE KEYS */;
INSERT INTO `sys_menu` VALUES (1,'系统管理',0,1,'system',NULL,'','',1,0,'M','0','0','','system','admin','2026-03-06 01:54:37','',NULL,'系统管理目录'),(2,'系统监控',0,2,'monitor',NULL,'','',1,0,'M','0','0','','monitor','admin','2026-03-06 01:54:37','',NULL,'系统监控目录'),(3,'系统工具',0,3,'tool',NULL,'','',1,0,'M','0','0','','tool','admin','2026-03-06 01:54:37','',NULL,'系统工具目录'),(100,'用户管理',1,1,'user','system/user/index','','',1,0,'C','0','0','system:user:list','user','admin','2026-03-06 01:54:37','',NULL,'用户管理菜单'),(101,'角色管理',1,2,'role','system/role/index','','',1,0,'C','0','0','system:role:list','peoples','admin','2026-03-06 01:54:37','',NULL,'角色管理菜单'),(102,'菜单管理',1,3,'menu','system/menu/index','','',1,0,'C','0','0','system:menu:list','tree-table','admin','2026-03-06 01:54:37','',NULL,'菜单管理菜单'),(103,'部门管理',1,4,'dept','system/dept/index','','',1,0,'C','0','0','system:dept:list','tree','admin','2026-03-06 01:54:37','',NULL,'部门管理菜单'),(104,'岗位管理',1,5,'post','system/post/index','','',1,0,'C','0','0','system:post:list','post','admin','2026-03-06 01:54:37','',NULL,'岗位管理菜单'),(105,'字典管理',1,6,'dict','system/dict/index','','',1,0,'C','0','0','system:dict:list','dict','admin','2026-03-06 01:54:37','',NULL,'字典管理菜单'),(106,'参数设置',1,7,'config','system/config/index','','',1,0,'C','0','0','system:config:list','edit','admin','2026-03-06 01:54:37','',NULL,'参数设置菜单'),(107,'通知公告',1,8,'notice','system/notice/index','','',1,0,'C','0','0','system:notice:list','message','admin','2026-03-06 01:54:37','',NULL,'通知公告菜单'),(108,'日志管理',1,9,'log','','','',1,0,'M','0','0','','log','admin','2026-03-06 01:54:37','',NULL,'日志管理菜单'),(109,'在线用户',2,1,'online','monitor/online/index','','',1,0,'C','0','0','monitor:online:list','online','admin','2026-03-06 01:54:37','',NULL,'在线用户菜单'),(110,'定时任务',2,2,'job','monitor/job/index','','',1,0,'C','0','0','monitor:job:list','job','admin','2026-03-06 01:54:37','',NULL,'定时任务菜单'),(111,'数据监控',2,3,'druid','monitor/druid/index','','',1,0,'C','0','0','monitor:druid:list','druid','admin','2026-03-06 01:54:37','',NULL,'数据监控菜单'),(112,'服务监控',2,4,'server','monitor/server/index','','',1,0,'C','0','0','monitor:server:list','server','admin','2026-03-06 01:54:37','',NULL,'服务监控菜单'),(113,'缓存监控',2,5,'cache','monitor/cache/index','','',1,0,'C','0','0','monitor:cache:list','redis','admin','2026-03-06 01:54:37','',NULL,'缓存监控菜单'),(114,'缓存列表',2,6,'cacheList','monitor/cache/list','','',1,0,'C','0','0','monitor:cache:list','redis-list','admin','2026-03-06 01:54:37','',NULL,'缓存列表菜单'),(115,'表单构建',3,1,'build','tool/build/index','','',1,0,'C','0','0','tool:build:list','build','admin','2026-03-06 01:54:37','',NULL,'表单构建菜单'),(116,'代码生成',3,2,'gen','tool/gen/index','','',1,0,'C','0','0','tool:gen:list','code','admin','2026-03-06 01:54:37','',NULL,'代码生成菜单'),(117,'系统接口',3,3,'swagger','tool/swagger/index','','',1,0,'C','0','0','tool:swagger:list','swagger','admin','2026-03-06 01:54:37','',NULL,'系统接口菜单'),(500,'操作日志',108,1,'operlog','monitor/operlog/index','','',1,0,'C','0','0','monitor:operlog:list','form','admin','2026-03-06 01:54:37','',NULL,'操作日志菜单'),(501,'登录日志',108,2,'logininfor','monitor/logininfor/index','','',1,0,'C','0','0','monitor:logininfor:list','logininfor','admin','2026-03-06 01:54:37','',NULL,'登录日志菜单'),(1000,'用户查询',100,1,'','','','',1,0,'F','0','0','system:user:query','#','admin','2026-03-06 01:54:37','',NULL,''),(1001,'用户新增',100,2,'','','','',1,0,'F','0','0','system:user:add','#','admin','2026-03-06 01:54:37','',NULL,''),(1002,'用户修改',100,3,'','','','',1,0,'F','0','0','system:user:edit','#','admin','2026-03-06 01:54:37','',NULL,''),(1003,'用户删除',100,4,'','','','',1,0,'F','0','0','system:user:remove','#','admin','2026-03-06 01:54:37','',NULL,''),(1004,'用户导出',100,5,'','','','',1,0,'F','0','0','system:user:export','#','admin','2026-03-06 01:54:37','',NULL,''),(1005,'用户导入',100,6,'','','','',1,0,'F','0','0','system:user:import','#','admin','2026-03-06 01:54:37','',NULL,''),(1006,'重置密码',100,7,'','','','',1,0,'F','0','0','system:user:resetPwd','#','admin','2026-03-06 01:54:37','',NULL,''),(1007,'角色查询',101,1,'','','','',1,0,'F','0','0','system:role:query','#','admin','2026-03-06 01:54:37','',NULL,''),(1008,'角色新增',101,2,'','','','',1,0,'F','0','0','system:role:add','#','admin','2026-03-06 01:54:37','',NULL,''),(1009,'角色修改',101,3,'','','','',1,0,'F','0','0','system:role:edit','#','admin','2026-03-06 01:54:37','',NULL,''),(1010,'角色删除',101,4,'','','','',1,0,'F','0','0','system:role:remove','#','admin','2026-03-06 01:54:37','',NULL,''),(1011,'角色导出',101,5,'','','','',1,0,'F','0','0','system:role:export','#','admin','2026-03-06 01:54:37','',NULL,''),(1012,'菜单查询',102,1,'','','','',1,0,'F','0','0','system:menu:query','#','admin','2026-03-06 01:54:37','',NULL,''),(1013,'菜单新增',102,2,'','','','',1,0,'F','0','0','system:menu:add','#','admin','2026-03-06 01:54:37','',NULL,''),(1014,'菜单修改',102,3,'','','','',1,0,'F','0','0','system:menu:edit','#','admin','2026-03-06 01:54:37','',NULL,''),(1015,'菜单删除',102,4,'','','','',1,0,'F','0','0','system:menu:remove','#','admin','2026-03-06 01:54:37','',NULL,''),(1016,'部门查询',103,1,'','','','',1,0,'F','0','0','system:dept:query','#','admin','2026-03-06 01:54:37','',NULL,''),(1017,'部门新增',103,2,'','','','',1,0,'F','0','0','system:dept:add','#','admin','2026-03-06 01:54:37','',NULL,''),(1018,'部门修改',103,3,'','','','',1,0,'F','0','0','system:dept:edit','#','admin','2026-03-06 01:54:37','',NULL,''),(1019,'部门删除',103,4,'','','','',1,0,'F','0','0','system:dept:remove','#','admin','2026-03-06 01:54:37','',NULL,''),(1020,'岗位查询',104,1,'','','','',1,0,'F','0','0','system:post:query','#','admin','2026-03-06 01:54:37','',NULL,''),(1021,'岗位新增',104,2,'','','','',1,0,'F','0','0','system:post:add','#','admin','2026-03-06 01:54:37','',NULL,''),(1022,'岗位修改',104,3,'','','','',1,0,'F','0','0','system:post:edit','#','admin','2026-03-06 01:54:37','',NULL,''),(1023,'岗位删除',104,4,'','','','',1,0,'F','0','0','system:post:remove','#','admin','2026-03-06 01:54:37','',NULL,''),(1024,'岗位导出',104,5,'','','','',1,0,'F','0','0','system:post:export','#','admin','2026-03-06 01:54:37','',NULL,''),(1025,'字典查询',105,1,'#','','','',1,0,'F','0','0','system:dict:query','#','admin','2026-03-06 01:54:37','',NULL,''),(1026,'字典新增',105,2,'#','','','',1,0,'F','0','0','system:dict:add','#','admin','2026-03-06 01:54:37','',NULL,''),(1027,'字典修改',105,3,'#','','','',1,0,'F','0','0','system:dict:edit','#','admin','2026-03-06 01:54:37','',NULL,''),(1028,'字典删除',105,4,'#','','','',1,0,'F','0','0','system:dict:remove','#','admin','2026-03-06 01:54:37','',NULL,''),(1029,'字典导出',105,5,'#','','','',1,0,'F','0','0','system:dict:export','#','admin','2026-03-06 01:54:37','',NULL,''),(1030,'参数查询',106,1,'#','','','',1,0,'F','0','0','system:config:query','#','admin','2026-03-06 01:54:37','',NULL,''),(1031,'参数新增',106,2,'#','','','',1,0,'F','0','0','system:config:add','#','admin','2026-03-06 01:54:37','',NULL,''),(1032,'参数修改',106,3,'#','','','',1,0,'F','0','0','system:config:edit','#','admin','2026-03-06 01:54:37','',NULL,''),(1033,'参数删除',106,4,'#','','','',1,0,'F','0','0','system:config:remove','#','admin','2026-03-06 01:54:37','',NULL,''),(1034,'参数导出',106,5,'#','','','',1,0,'F','0','0','system:config:export','#','admin','2026-03-06 01:54:37','',NULL,''),(1035,'公告查询',107,1,'#','','','',1,0,'F','0','0','system:notice:query','#','admin','2026-03-06 01:54:37','',NULL,''),(1036,'公告新增',107,2,'#','','','',1,0,'F','0','0','system:notice:add','#','admin','2026-03-06 01:54:37','',NULL,''),(1037,'公告修改',107,3,'#','','','',1,0,'F','0','0','system:notice:edit','#','admin','2026-03-06 01:54:37','',NULL,''),(1038,'公告删除',107,4,'#','','','',1,0,'F','0','0','system:notice:remove','#','admin','2026-03-06 01:54:37','',NULL,''),(1039,'操作查询',500,1,'#','','','',1,0,'F','0','0','monitor:operlog:query','#','admin','2026-03-06 01:54:37','',NULL,''),(1040,'操作删除',500,2,'#','','','',1,0,'F','0','0','monitor:operlog:remove','#','admin','2026-03-06 01:54:37','',NULL,''),(1041,'日志导出',500,3,'#','','','',1,0,'F','0','0','monitor:operlog:export','#','admin','2026-03-06 01:54:37','',NULL,''),(1042,'登录查询',501,1,'#','','','',1,0,'F','0','0','monitor:logininfor:query','#','admin','2026-03-06 01:54:37','',NULL,''),(1043,'登录删除',501,2,'#','','','',1,0,'F','0','0','monitor:logininfor:remove','#','admin','2026-03-06 01:54:37','',NULL,''),(1044,'日志导出',501,3,'#','','','',1,0,'F','0','0','monitor:logininfor:export','#','admin','2026-03-06 01:54:37','',NULL,''),(1045,'账户解锁',501,4,'#','','','',1,0,'F','0','0','monitor:logininfor:unlock','#','admin','2026-03-06 01:54:37','',NULL,''),(1046,'在线查询',109,1,'#','','','',1,0,'F','0','0','monitor:online:query','#','admin','2026-03-06 01:54:37','',NULL,''),(1047,'批量强退',109,2,'#','','','',1,0,'F','0','0','monitor:online:batchLogout','#','admin','2026-03-06 01:54:37','',NULL,''),(1048,'单条强退',109,3,'#','','','',1,0,'F','0','0','monitor:online:forceLogout','#','admin','2026-03-06 01:54:37','',NULL,''),(1049,'任务查询',110,1,'#','','','',1,0,'F','0','0','monitor:job:query','#','admin','2026-03-06 01:54:37','',NULL,''),(1050,'任务新增',110,2,'#','','','',1,0,'F','0','0','monitor:job:add','#','admin','2026-03-06 01:54:37','',NULL,''),(1051,'任务修改',110,3,'#','','','',1,0,'F','0','0','monitor:job:edit','#','admin','2026-03-06 01:54:37','',NULL,''),(1052,'任务删除',110,4,'#','','','',1,0,'F','0','0','monitor:job:remove','#','admin','2026-03-06 01:54:37','',NULL,''),(1053,'状态修改',110,5,'#','','','',1,0,'F','0','0','monitor:job:changeStatus','#','admin','2026-03-06 01:54:37','',NULL,''),(1054,'任务导出',110,6,'#','','','',1,0,'F','0','0','monitor:job:export','#','admin','2026-03-06 01:54:37','',NULL,''),(1055,'生成查询',116,1,'#','','','',1,0,'F','0','0','tool:gen:query','#','admin','2026-03-06 01:54:37','',NULL,''),(1056,'生成修改',116,2,'#','','','',1,0,'F','0','0','tool:gen:edit','#','admin','2026-03-06 01:54:37','',NULL,''),(1057,'生成删除',116,3,'#','','','',1,0,'F','0','0','tool:gen:remove','#','admin','2026-03-06 01:54:37','',NULL,''),(1058,'导入代码',116,4,'#','','','',1,0,'F','0','0','tool:gen:import','#','admin','2026-03-06 01:54:37','',NULL,''),(1059,'预览代码',116,5,'#','','','',1,0,'F','0','0','tool:gen:preview','#','admin','2026-03-06 01:54:37','',NULL,''),(1060,'生成代码',116,6,'#','','','',1,0,'F','0','0','tool:gen:code','#','admin','2026-03-06 01:54:37','',NULL,''),(3014,'系统管理',0,5,'admin',NULL,'','',1,0,'M','0','0','','system','admin','2026-03-06 01:54:37','',NULL,'系统管理目录'),(3015,'管理概览',3014,1,'dashboard','biz/admin/index','','',1,0,'C','0','0','biz:admin:list','dashboard','admin','2026-03-06 01:54:37','',NULL,'管理员仪表盘'),(3016,'用户管理',3014,2,'users','biz/admin/user/index','','',1,0,'C','0','0','system:user:list','user','admin','2026-03-06 01:54:37','',NULL,'用户管理'),(3017,'类别管理',3014,3,'bizCategory','biz/bizCategory/index','','',1,0,'C','0','0','biz:category:list','category','admin','2026-03-06 01:54:37','',NULL,'业务类别管理'),(3018,'注册审核',3014,4,'registerReview','biz/admin/register/index','','',1,0,'C','0','0','biz:admin:list','example','admin','2026-03-06 01:54:37','',NULL,'管理员审核注册申请');
/*!40000 ALTER TABLE `sys_menu` ENABLE KEYS */;
UNLOCK TABLES;

--
-- Table structure for table `sys_notice`
--

DROP TABLE IF EXISTS `sys_notice`;
/*!40101 SET @saved_cs_client     = @@character_set_client */;
/*!50503 SET character_set_client = utf8mb4 */;
CREATE TABLE `sys_notice` (
  `notice_id` int NOT NULL AUTO_INCREMENT COMMENT '公告ID',
  `notice_title` varchar(50) NOT NULL COMMENT '公告标题',
  `notice_type` char(1) NOT NULL COMMENT '公告类型（1通知 2公告）',
  `notice_content` longblob COMMENT '公告内容',
  `status` char(1) DEFAULT '0' COMMENT '公告状态（0正常 1关闭）',
  `create_by` varchar(64) DEFAULT '' COMMENT '创建者',
  `create_time` datetime DEFAULT NULL COMMENT '创建时间',
  `update_by` varchar(64) DEFAULT '' COMMENT '更新者',
  `update_time` datetime DEFAULT NULL COMMENT '更新时间',
  `remark` varchar(255) DEFAULT NULL COMMENT '备注',
  PRIMARY KEY (`notice_id`)
) ENGINE=InnoDB AUTO_INCREMENT=10 DEFAULT CHARSET=utf8mb4 COLLATE=utf8mb4_0900_ai_ci COMMENT='通知公告表';
/*!40101 SET character_set_client = @saved_cs_client */;

--
-- Dumping data for table `sys_notice`
--

LOCK TABLES `sys_notice` WRITE;
/*!40000 ALTER TABLE `sys_notice` DISABLE KEYS */;
INSERT INTO `sys_notice` VALUES (1,'温馨提醒：2018-07-01 若依新版本发布啦','2',_binary '新版本内容','0','admin','2026-03-06 01:54:38','',NULL,'管理员'),(2,'维护通知：2018-07-01 若依系统凌晨维护','1',_binary '维护内容','0','admin','2026-03-06 01:54:38','',NULL,'管理员');
/*!40000 ALTER TABLE `sys_notice` ENABLE KEYS */;
UNLOCK TABLES;

--
-- Table structure for table `sys_oper_log`
--

DROP TABLE IF EXISTS `sys_oper_log`;
/*!40101 SET @saved_cs_client     = @@character_set_client */;
/*!50503 SET character_set_client = utf8mb4 */;
CREATE TABLE `sys_oper_log` (
  `oper_id` bigint NOT NULL AUTO_INCREMENT COMMENT '日志主键',
  `title` varchar(50) DEFAULT '' COMMENT '模块标题',
  `business_type` int DEFAULT '0' COMMENT '业务类型（0其它 1新增 2修改 3删除）',
  `method` varchar(200) DEFAULT '' COMMENT '方法名称',
  `request_method` varchar(10) DEFAULT '' COMMENT '请求方式',
  `operator_type` int DEFAULT '0' COMMENT '操作类别（0其它 1后台用户 2手机端用户）',
  `oper_name` varchar(50) DEFAULT '' COMMENT '操作人员',
  `dept_name` varchar(50) DEFAULT '' COMMENT '部门名称',
  `oper_url` varchar(255) DEFAULT '' COMMENT '请求URL',
  `oper_ip` varchar(128) DEFAULT '' COMMENT '主机地址',
  `oper_location` varchar(255) DEFAULT '' COMMENT '操作地点',
  `oper_param` varchar(2000) DEFAULT '' COMMENT '请求参数',
  `json_result` varchar(2000) DEFAULT '' COMMENT '返回参数',
  `status` int DEFAULT '0' COMMENT '操作状态（0正常 1异常）',
  `error_msg` varchar(2000) DEFAULT '' COMMENT '错误消息',
  `oper_time` datetime DEFAULT NULL COMMENT '操作时间',
  `cost_time` bigint DEFAULT '0' COMMENT '消耗时间',
  PRIMARY KEY (`oper_id`),
  KEY `idx_sys_oper_log_bt` (`business_type`),
  KEY `idx_sys_oper_log_s` (`status`),
  KEY `idx_sys_oper_log_ot` (`oper_time`)
) ENGINE=InnoDB AUTO_INCREMENT=166 DEFAULT CHARSET=utf8mb4 COLLATE=utf8mb4_0900_ai_ci COMMENT='操作日志记录';
/*!40101 SET character_set_client = @saved_cs_client */;

--
-- Dumping data for table `sys_oper_log`
--

LOCK TABLES `sys_oper_log` WRITE;
/*!40000 ALTER TABLE `sys_oper_log` DISABLE KEYS */;
INSERT INTO `sys_oper_log` VALUES (100,'创建表',0,'com.ruoyi.generator.controller.GenController.createTableSave()','POST',1,'admin','研发部门','/tool/gen/createTable','127.0.0.1','内网IP','{\"sql\":\"DROP TABLE IF EXISTS `book`;\\nCREATE TABLE `book` (\\n  `book_id` bigint NOT NULL AUTO_INCREMENT COMMENT \'图书的唯一标识符\',\\n  `title` varchar(255) NOT NULL COMMENT \'书名\',\\n  `author` varchar(100) DEFAULT NULL COMMENT \'作者\',\\n  `isbn` varchar(60) NOT NULL,\\n  `publisher` varchar(100) DEFAULT NULL COMMENT \'出版社\',\\n  `publication_year` int DEFAULT NULL COMMENT \'出版年份\',\\n  `cover_url` varchar(255) CHARACTER SET utf8mb3 COLLATE utf8mb3_general_ci DEFAULT NULL COMMENT \'封面图片\',\\n  `price` decimal(10,2) DEFAULT NULL COMMENT \'价格\',\\n  `category_id` bigint unsigned DEFAULT NULL COMMENT \'图书分类号\\\\n\',\\n  `language` varchar(50) DEFAULT NULL COMMENT \'图书语言\',\\n  `total_copies` int unsigned DEFAULT \'0\' COMMENT \'总副本数\',\\n  `available_copies` int unsigned DEFAULT \'0\' COMMENT \'可用副本数\',\\n  `location` varchar(255) DEFAULT NULL COMMENT \'馆藏地址\',\\n  `status` tinyint unsigned DEFAULT \'1\' COMMENT \'状态:AVAILABLE(1, \\\"在架\\\"),\\\\n// 表示书籍下架的状态\\\\nOFF_SHELF(2, \\\"未上架\\\");\\\\n\',\\n  `description` text COMMENT \'图书介绍\',\\n  `remark` varchar(500) DEFAULT NULL COMMENT \'备注\',\\n  `updated_time` datetime DEFAULT CURRENT_TIMESTAMP ON UPDATE CURRENT_TIMESTAMP COMMENT \'更新时间\',\\n  `created_time` datetime DEFAULT CURRENT_TIMESTAMP COMMENT \'更新时间\',\\n  `created_by` varchar(60) DEFAULT NULL COMMENT \'创建人\',\\n  `updated_by` varchar(60) DEFAULT NULL COMMENT \'更新人\',\\n  `attachment_url` varchar(255) CHARACTER SET utf8mb3 COLLATE utf8mb3_general_ci DEFAULT NULL COMMENT \'图书附件URL\',\\n  PRIMARY KEY (`book_id`),\\n  KEY `idx_isbn` (`isbn`),\\n  KEY `idx_author` (`author`)\\n) ENGINE=InnoDB AUTO_INCREMENT=173 DEFAULT CHARSET=utf8mb3 COMMENT=\'图书信息表\';\\n\"}','{\"msg\":\"创建表结构异常\",\"code\":500}',0,NULL,'2026-03-06 02:16:57',7),(101,'创建表',0,'com.ruoyi.generator.controller.GenController.createTableSave()','POST',1,'admin','研发部门','/tool/gen/createTable','127.0.0.1','内网IP','{\"sql\":\"DROP TABLE IF EXISTS `book`;\\nCREATE TABLE `book` (\\n  `book_id` bigint NOT NULL AUTO_INCREMENT COMMENT \'图书的唯一标识符\',\\n  `title` varchar(255) NOT NULL COMMENT \'书名\',\\n  `author` varchar(100) DEFAULT NULL COMMENT \'作者\',\\n  `isbn` varchar(60) NOT NULL,\\n  `publisher` varchar(100) DEFAULT NULL COMMENT \'出版社\',\\n  `publication_year` int DEFAULT NULL COMMENT \'出版年份\',\\n  `cover_url` varchar(255) CHARACTER SET utf8mb3 COLLATE utf8mb3_general_ci DEFAULT NULL COMMENT \'封面图片\',\\n  `price` decimal(10,2) DEFAULT NULL COMMENT \'价格\',\\n  `category_id` bigint unsigned DEFAULT NULL COMMENT \'图书分类号\\\\n\',\\n  `language` varchar(50) DEFAULT NULL COMMENT \'图书语言\',\\n  `total_copies` int unsigned DEFAULT \'0\' COMMENT \'总副本数\',\\n  `available_copies` int unsigned DEFAULT \'0\' COMMENT \'可用副本数\',\\n  `location` varchar(255) DEFAULT NULL COMMENT \'馆藏地址\',\\n  `status` tinyint unsigned DEFAULT \'1\' COMMENT \'状态:AVAILABLE(1, \\\"在架\\\"),\\\\n// 表示书籍下架的状态\\\\nOFF_SHELF(2, \\\"未上架\\\");\\\\n\',\\n  `description` text COMMENT \'图书介绍\',\\n  `remark` varchar(500) DEFAULT NULL COMMENT \'备注\',\\n  `updated_time` datetime DEFAULT CURRENT_TIMESTAMP ON UPDATE CURRENT_TIMESTAMP COMMENT \'更新时间\',\\n  `created_time` datetime DEFAULT CURRENT_TIMESTAMP COMMENT \'更新时间\',\\n  `created_by` varchar(60) DEFAULT NULL COMMENT \'创建人\',\\n  `updated_by` varchar(60) DEFAULT NULL COMMENT \'更新人\',\\n  `attachment_url` varchar(255) CHARACTER SET utf8mb3 COLLATE utf8mb3_general_ci DEFAULT NULL COMMENT \'图书附件URL\',\\n  PRIMARY KEY (`book_id`),\\n  KEY `idx_isbn` (`isbn`),\\n  KEY `idx_author` (`author`)\\n) ENGINE=InnoDB AUTO_INCREMENT=173 DEFAULT CHARSET=utf8mb3 COMMENT=\'图书信息表\';\\n\"}','{\"msg\":\"创建表结构异常\",\"code\":500}',0,NULL,'2026-03-06 02:17:08',5),(102,'创建表',0,'com.ruoyi.generator.controller.GenController.createTableSave()','POST',1,'admin','研发部门','/tool/gen/createTable','127.0.0.1','内网IP','{\"sql\":\"CREATE TABLE `book` (\\n  `book_id` bigint NOT NULL AUTO_INCREMENT COMMENT \'图书的唯一标识符\',\\n  `title` varchar(255) NOT NULL COMMENT \'书名\',\\n  `author` varchar(100) DEFAULT NULL COMMENT \'作者\',\\n  `isbn` varchar(60) NOT NULL,\\n  `publisher` varchar(100) DEFAULT NULL COMMENT \'出版社\',\\n  `publication_year` int DEFAULT NULL COMMENT \'出版年份\',\\n  `cover_url` varchar(255) CHARACTER SET utf8mb3 COLLATE utf8mb3_general_ci DEFAULT NULL COMMENT \'封面图片\',\\n  `price` decimal(10,2) DEFAULT NULL COMMENT \'价格\',\\n  `category_id` bigint unsigned DEFAULT NULL COMMENT \'图书分类号\\\\n\',\\n  `language` varchar(50) DEFAULT NULL COMMENT \'图书语言\',\\n  `total_copies` int unsigned DEFAULT \'0\' COMMENT \'总副本数\',\\n  `available_copies` int unsigned DEFAULT \'0\' COMMENT \'可用副本数\',\\n  `location` varchar(255) DEFAULT NULL COMMENT \'馆藏地址\',\\n  `status` tinyint unsigned DEFAULT \'1\' COMMENT \'状态:AVAILABLE(1, \\\"在架\\\"),\\\\n// 表示书籍下架的状态\\\\nOFF_SHELF(2, \\\"未上架\\\");\\\\n\',\\n  `description` text COMMENT \'图书介绍\',\\n  `remark` varchar(500) DEFAULT NULL COMMENT \'备注\',\\n  `updated_time` datetime DEFAULT CURRENT_TIMESTAMP ON UPDATE CURRENT_TIMESTAMP COMMENT \'更新时间\',\\n  `created_time` datetime DEFAULT CURRENT_TIMESTAMP COMMENT \'更新时间\',\\n  `created_by` varchar(60) DEFAULT NULL COMMENT \'创建人\',\\n  `updated_by` varchar(60) DEFAULT NULL COMMENT \'更新人\',\\n  `attachment_url` varchar(255) CHARACTER SET utf8mb3 COLLATE utf8mb3_general_ci DEFAULT NULL COMMENT \'图书附件URL\',\\n  PRIMARY KEY (`book_id`),\\n  KEY `idx_isbn` (`isbn`),\\n  KEY `idx_author` (`author`)\\n) ENGINE=InnoDB AUTO_INCREMENT=173 DEFAULT CHARSET=utf8mb3 COMMENT=\'图书信息表\';\"}','{\"msg\":\"创建表结构异常\",\"code\":500}',0,NULL,'2026-03-06 02:19:33',146),(103,'创建表',0,'com.ruoyi.generator.controller.GenController.createTableSave()','POST',1,'admin','研发部门','/tool/gen/createTable','127.0.0.1','内网IP','{\"sql\":\"CREATE TABLE `book` (\\n  `book_id` bigint NOT NULL AUTO_INCREMENT COMMENT \'图书的唯一标识符\',\\n  `title` varchar(255) NOT NULL COMMENT \'书名\',\\n  `author` varchar(100) DEFAULT NULL COMMENT \'作者\',\\n  `isbn` varchar(60) NOT NULL,\\n  `publisher` varchar(100) DEFAULT NULL COMMENT \'出版社\',\\n  `publication_year` int DEFAULT NULL COMMENT \'出版年份\',\\n  `cover_url` varchar(255) CHARACTER SET utf8mb3 COLLATE utf8mb3_general_ci DEFAULT NULL COMMENT \'封面图片\',\\n  `price` decimal(10,2) DEFAULT NULL COMMENT \'价格\',\\n  `category_id` bigint unsigned DEFAULT NULL COMMENT \'图书分类号\\\\n\',\\n  `language` varchar(50) DEFAULT NULL COMMENT \'图书语言\',\\n  `total_copies` int unsigned DEFAULT \'0\' COMMENT \'总副本数\',\\n  `available_copies` int unsigned DEFAULT \'0\' COMMENT \'可用副本数\',\\n  `location` varchar(255) DEFAULT NULL COMMENT \'馆藏地址\',\\n  `status` tinyint unsigned DEFAULT \'1\' COMMENT \'状态:AVAILABLE(1, \\\"在架\\\"),\\\\n// 表示书籍下架的状态\\\\nOFF_SHELF(2, \\\"未上架\\\");\\\\n\',\\n  `description` text COMMENT \'图书介绍\',\\n  `remark` varchar(500) DEFAULT NULL COMMENT \'备注\',\\n  `updated_time` datetime DEFAULT CURRENT_TIMESTAMP ON UPDATE CURRENT_TIMESTAMP COMMENT \'更新时间\',\\n  `created_time` datetime DEFAULT CURRENT_TIMESTAMP COMMENT \'更新时间\',\\n  `created_by` varchar(60) DEFAULT NULL COMMENT \'创建人\',\\n  `updated_by` varchar(60) DEFAULT NULL COMMENT \'更新人\',\\n  `attachment_url` varchar(255) CHARACTER SET utf8mb3 COLLATE utf8mb3_general_ci DEFAULT NULL COMMENT \'图书附件URL\',\\n  PRIMARY KEY (`book_id`),\\n  KEY `idx_isbn` (`isbn`),\\n  KEY `idx_author` (`author`)\\n) ENGINE=InnoDB AUTO_INCREMENT=173 DEFAULT CHARSET=utf8mb3 COMMENT=\'图书信息表\';\"}','{\"msg\":\"创建表结构异常\",\"code\":500}',0,NULL,'2026-03-06 03:18:49',3),(104,'创建表',0,'com.ruoyi.generator.controller.GenController.createTableSave()','POST',1,'admin','研发部门','/tool/gen/createTable','127.0.0.1','内网IP','{\"sql\":\"drop table if exists sys_student;\\ncreate table sys_student (\\n  student_id           int(11)         auto_increment    comment \'编号\',\\n  student_name         varchar(30)     default \'\'        comment \'学生名称\',\\n  student_age          int(3)          default null      comment \'年龄\',\\n  student_hobby        varchar(30)     default \'\'        comment \'爱好（0代码 1音乐 2电影）\',\\n  student_sex          char(1)         default \'0\'       comment \'性别（0男 1女 2未知）\',\\n  student_status       char(1)         default \'0\'       comment \'状态（0正常 1停用）\',\\n  student_birthday     datetime                          comment \'生日\',\\n  primary key (student_id)\\n) engine=innodb auto_increment=1 comment = \'学生信息表\';\"}','{\"msg\":\"创建表结构异常\",\"code\":500}',0,NULL,'2026-03-06 03:24:12',2),(105,'创建表',0,'com.ruoyi.generator.controller.GenController.createTableSave()','POST',1,'admin','研发部门','/tool/gen/createTable','127.0.0.1','内网IP','{\"sql\":\"drop table if exists sys_student;\\ncreate table sys_student (\\n  student_id           int(11)         auto_increment    comment \'编号\',\\n  student_name         varchar(30)     default \'\'        comment \'学生名称\',\\n  student_age          int(3)          default null      comment \'年龄\',\\n  student_hobby        varchar(30)     default \'\'        comment \'爱好（0代码 1音乐 2电影）\',\\n  student_sex          char(1)         default \'0\'       comment \'性别（0男 1女 2未知）\',\\n  student_status       char(1)         default \'0\'       comment \'状态（0正常 1停用）\',\\n  student_birthday     datetime                          comment \'生日\',\\n  primary key (student_id)\\n) engine=innodb auto_increment=1 comment = \'学生信息表\';\"}','{\"msg\":\"创建表结构异常\",\"code\":500}',0,NULL,'2026-03-06 04:01:53',2),(106,'创建表',0,'com.ruoyi.generator.controller.GenController.createTableSave()','POST',1,'admin','研发部门','/tool/gen/createTable','127.0.0.1','内网IP','{\"sql\":\"DROP TABLE IF EXISTS `book`;\\nCREATE TABLE `book` (\\n  `book_id` bigint NOT NULL AUTO_INCREMENT COMMENT \'图书的唯一标识符\',\\n  `title` varchar(255) NOT NULL COMMENT \'书名\',\\n  `author` varchar(100) DEFAULT NULL COMMENT \'作者\',\\n  `isbn` varchar(60) NOT NULL,\\n  `publisher` varchar(100) DEFAULT NULL COMMENT \'出版社\',\\n  `publication_year` int DEFAULT NULL COMMENT \'出版年份\',\\n  `cover_url` varchar(255) CHARACTER SET utf8mb3 COLLATE utf8mb3_general_ci DEFAULT NULL COMMENT \'封面图片\',\\n  `price` decimal(10,2) DEFAULT NULL COMMENT \'价格\',\\n  `category_id` bigint unsigned DEFAULT NULL COMMENT \'图书分类号\',\\n  `language` varchar(50) DEFAULT NULL COMMENT \'图书语言\',\\n  `total_copies` int unsigned DEFAULT \'0\' COMMENT \'总副本数\',\\n  `available_copies` int unsigned DEFAULT \'0\' COMMENT \'可用副本数\',\\n  `location` varchar(255) DEFAULT NULL COMMENT \'馆藏地址\',\\n  `status` tinyint unsigned DEFAULT \'1\' COMMENT \'状态:AVAILABLE(1, \\\"在架\\\"),表示书籍下架的状态OFF_SHELF(2, \\\"未上架\\\");\',\\n  `description` text COMMENT \'图书介绍\',\\n  `remark` varchar(500) DEFAULT NULL COMMENT \'备注\',\\n  `updated_time` datetime DEFAULT CURRENT_TIMESTAMP ON UPDATE CURRENT_TIMESTAMP COMMENT \'更新时间\',\\n  `created_time` datetime DEFAULT CURRENT_TIMESTAMP COMMENT \'更新时间\',\\n  `created_by` varchar(60) DEFAULT NULL COMMENT \'创建人\',\\n  `updated_by` varchar(60) DEFAULT NULL COMMENT \'更新人\',\\n  `attachment_url` varchar(255) CHARACTER SET utf8mb3 COLLATE utf8mb3_general_ci DEFAULT NULL COMMENT \'图书附件URL\',\\n  PRIMARY KEY (`book_id`),\\n  KEY `idx_isbn` (`isbn`),\\n  KEY `idx_author` (`author`)\\n) ENGINE=InnoDB AUTO_INCREMENT=173 DEFAULT CHARSET=utf8mb3 COMMENT=\'图书信息表\';\"}','{\"msg\":\"操作成功\",\"code\":200}',0,NULL,'2026-03-06 04:07:36',475),(107,'创建表',0,'com.ruoyi.generator.controller.GenController.createTableSave()','POST',1,'admin','研发部门','/tool/gen/createTable','127.0.0.1','内网IP','{\"sql\":\"DROP TABLE IF EXISTS `book_category`;\\nCREATE TABLE `book_category` (\\n  `category_id` bigint NOT NULL AUTO_INCREMENT COMMENT \'图书分类ID\',\\n  `category_name` varchar(100) NOT NULL COMMENT \'图书分类名称\',\\n  `status` tinyint DEFAULT \'1\' COMMENT \'分类状态：1=启用，0=禁用\',\\n  `created_time` datetime DEFAULT CURRENT_TIMESTAMP COMMENT \'创建时间\',\\n  `updated_time` datetime DEFAULT CURRENT_TIMESTAMP ON UPDATE CURRENT_TIMESTAMP COMMENT \'更新时间\',\\n  `created_by` varchar(60) DEFAULT NULL COMMENT \'创建人\',\\n  `updated_by` varchar(60) DEFAULT NULL COMMENT \'更新人\',\\n  `description` varchar(150) DEFAULT NULL,\\n  PRIMARY KEY (`category_id`),\\n  KEY `idx_status` (`status`)\\n) ENGINE=InnoDB AUTO_INCREMENT=58 DEFAULT CHARSET=utf8mb3 COMMENT=\'图书分类表\';\\n\"}','{\"msg\":\"操作成功\",\"code\":200}',0,NULL,'2026-03-06 04:07:58',104),(108,'创建表',0,'com.ruoyi.generator.controller.GenController.createTableSave()','POST',1,'admin','研发部门','/tool/gen/createTable','127.0.0.1','内网IP','{\"sql\":\"DROP TABLE IF EXISTS `book_copy`;\\nCREATE TABLE `book_copy` (\\n  `copy_id` bigint NOT NULL AUTO_INCREMENT COMMENT \'副本ID\',\\n  `book_id` bigint NOT NULL COMMENT \'图书ID\',\\n  `barcode` varchar(255) NOT NULL COMMENT \'条形码\',\\n  `location` varchar(255) DEFAULT NULL COMMENT \'存放位置\',\\n  `status` tinyint DEFAULT \'1\' COMMENT \'副本状态：AVAILABLE(1, \\\"可借\\\"),\\\\nBORROWED(2, \\\"已借出\\\"),\\\\nDAMAGED(3, \\\"损坏\\\"),\\\\nLOST(4, \\\"遗失\\\");\\\\n\\\\n\',\\n  `created_time` datetime DEFAULT CURRENT_TIMESTAMP COMMENT \'创建时间\',\\n  `updated_time` datetime DEFAULT CURRENT_TIMESTAMP ON UPDATE CURRENT_TIMESTAMP COMMENT \'更新时间\',\\n  PRIMARY KEY (`copy_id`),\\n  UNIQUE KEY `barcode` (`barcode`)\\n) ENGINE=InnoDB AUTO_INCREMENT=265 DEFAULT CHARSET=utf8mb4 COLLATE=utf8mb4_0900_ai_ci COMMENT=\'图书副本表\';\\n\"}','{\"msg\":\"操作成功\",\"code\":200}',0,NULL,'2026-03-06 04:08:17',108),(109,'创建表',0,'com.ruoyi.generator.controller.GenController.createTableSave()','POST',1,'admin','研发部门','/tool/gen/createTable','127.0.0.1','内网IP','{\"sql\":\"DROP TABLE IF EXISTS `borrow_record`;\\nCREATE TABLE `borrow_record` (\\n  `record_id` bigint NOT NULL AUTO_INCREMENT COMMENT \'借阅记录ID\',\\n  `copy_id` bigint NOT NULL COMMENT \'图书副本ID\',\\n  `reader_id` bigint NOT NULL COMMENT \'读者ID\',\\n  `borrow_date` datetime NOT NULL DEFAULT CURRENT_TIMESTAMP COMMENT \'借阅日期\',\\n  `due_date` datetime NOT NULL COMMENT \'应还日期\',\\n  `return_date` datetime DEFAULT NULL COMMENT \'实际还书日期\',\\n  `overdue_days` int DEFAULT \'0\' COMMENT \'逾期天数\',\\n  `status` tinyint DEFAULT \'1\' COMMENT \'借阅状态：BORROWED(1, \\\"借出\\\"),\\\\nRETURNED(2, \\\"已归还\\\"),\\\\nOVERDUE(3, \\\"逾期\\\"),\\\\nLOST(4, \\\"遗失\\\");\\\\n\',\\n  `is_overdue` tinyint(1) DEFAULT NULL COMMENT \'是否逾期\',\\n  `fine` decimal(10,2) DEFAULT \'0.00\' COMMENT \'罚款金额\',\\n  `remark` varchar(500) DEFAULT NULL COMMENT \'备注\',\\n  `created_time` datetime DEFAULT CURRENT_TIMESTAMP COMMENT \'创建时间\',\\n  `updated_time` datetime DEFAULT CURRENT_TIMESTAMP ON UPDATE CURRENT_TIMESTAMP COMMENT \'更新时间\',\\n  `created_by` varchar(60) DEFAULT NULL COMMENT \'创建人\',\\n  `updated_by` varchar(60) DEFAULT NULL COMMENT \'更新人\',\\n  PRIMARY KEY (`record_id`),\\n  KEY `idx_copy_id` (`copy_id`),\\n  KEY `idx_reader_id` (`reader_id`)\\n) ENGINE=InnoDB AUTO_INCREMENT=606 DEFAULT CHARSET=utf8mb3 COMMENT=\'借阅记录表\';\\n\"}','{\"msg\":\"操作成功\",\"code\":200}',0,NULL,'2026-03-06 04:08:34',158),(110,'创建表',0,'com.ruoyi.generator.controller.GenController.createTableSave()','POST',1,'admin','研发部门','/tool/gen/createTable','127.0.0.1','内网IP','{\"sql\":\"DROP TABLE IF EXISTS `reader`;\\nCREATE TABLE `reader` (\\n  `reader_id` bigint NOT NULL AUTO_INCREMENT,\\n  `reader_number` varchar(50) NOT NULL COMMENT \'学号/工号\',\\n  `name` varchar(100) NOT NULL COMMENT \'读者姓名\',\\n  `grade_major` varchar(150) DEFAULT NULL COMMENT \'年级专业\',\\n  `gender` char(1) DEFAULT NULL COMMENT \'性别，M-男，F-女\',\\n  `avatar_url` varchar(255) DEFAULT NULL COMMENT \'读者相片\',\\n  `type` tinyint DEFAULT \'1\' COMMENT \'读者类型：1=学生，2=职工\',\\n  `borrow_limit` int DEFAULT \'5\' COMMENT \'借书额度\',\\n  `email` varchar(100) DEFAULT NULL COMMENT \'邮箱地址\',\\n  `phone` varchar(20) DEFAULT NULL COMMENT \'联系电话\',\\n  `department_id` bigint NOT NULL COMMENT \'所属部门ID\',\\n  `status` tinyint DEFAULT \'1\' COMMENT \'读者状态：\\\\nNORMAL(1, \\\"正常\\\"),\\\\nLOSS(2, \\\"挂失\\\"),\\\\nCANCEL(3, \\\"注销\\\");\\\\n\',\\n  `user_id` bigint DEFAULT NULL COMMENT \'关联的用户ID\',\\n  `remark` varchar(500) CHARACTER SET utf8mb3 COLLATE utf8mb3_general_ci DEFAULT NULL COMMENT \'备注\',\\n  `created_time` datetime DEFAULT CURRENT_TIMESTAMP COMMENT \'创建时间\',\\n  `updated_time` datetime DEFAULT CURRENT_TIMESTAMP ON UPDATE CURRENT_TIMESTAMP COMMENT \'更新时间\',\\n  `created_by` varchar(60) DEFAULT NULL COMMENT \'创建人\',\\n  `updated_by` varchar(60) DEFAULT NULL COMMENT \'更新人\',\\n  PRIMARY KEY (`reader_id`),\\n  UNIQUE KEY `email` (`email`),\\n  UNIQUE KEY `phone` (`phone`),\\n  KEY `reader_number` (`reader_number`),\\n  KEY `email_2` (`email`),\\n  KEY `phone_2` (`phone`),\\n  KEY `fk_user_id` (`user_id`)\\n) ENGINE=InnoDB AUTO_INCREMENT=66 DEFAULT CHARSET=utf8mb3 COMMENT=\'读者表\';\\n\"}','{\"msg\":\"操作成功\",\"code\":200}',0,NULL,'2026-03-06 04:08:52',189),(111,'创建表',0,'com.ruoyi.generator.controller.GenController.createTableSave()','POST',1,'admin','研发部门','/tool/gen/createTable','127.0.0.1','内网IP','{\"sql\":\"DROP TABLE IF EXISTS `reservation`;\\nCREATE TABLE `reservation` (\\n  `res_id` bigint unsigned NOT NULL AUTO_INCREMENT,\\n  `book_id` bigint NOT NULL COMMENT \'图书ID\',\\n  `reader_id` int NOT NULL COMMENT \'读者ID\',\\n  `reservation_date` datetime NOT NULL DEFAULT CURRENT_TIMESTAMP COMMENT \'预约日期\',\\n  `status` tinyint DEFAULT \'1\' COMMENT \'预约状态：1=待处理，2=已完成，3=已取消,4-超期作废\',\\n  `created_time` datetime DEFAULT CURRENT_TIMESTAMP COMMENT \'创建时间\',\\n  `updated_time` datetime DEFAULT CURRENT_TIMESTAMP ON UPDATE CURRENT_TIMESTAMP COMMENT \'更新时间\',\\n  `remark` varchar(1024) DEFAULT NULL COMMENT \'备注\',\\n  `created_by` varchar(60) DEFAULT NULL COMMENT \'创建人\',\\n  `updated_by` varchar(60) DEFAULT NULL COMMENT \'更新人\',\\n  PRIMARY KEY (`res_id`),\\n  KEY `reader_id` (`reader_id`),\\n  KEY `book_id` (`book_id`)\\n) ENGINE=InnoDB AUTO_INCREMENT=16 DEFAULT CHARSET=utf8mb3 COMMENT=\'预约表\';\"}','{\"msg\":\"操作成功\",\"code\":200}',0,NULL,'2026-03-06 04:09:09',100),(112,'代码生成',8,'com.ruoyi.generator.controller.GenController.batchGenCode()','GET',1,'admin','研发部门','/tool/gen/batchGenCode','127.0.0.1','内网IP','{\"tables\":\"reservation,reader,borrow_record,book_copy,book_category,book\"}',NULL,0,NULL,'2026-03-06 04:09:34',555),(113,'代码生成',2,'com.ruoyi.generator.controller.GenController.editSave()','PUT',1,'admin','研发部门','/tool/gen','127.0.0.1','内网IP','{\"businessName\":\"reader\",\"className\":\"Reader\",\"columns\":[{\"capJavaField\":\"ReaderId\",\"columnId\":52,\"columnName\":\"reader_id\",\"columnType\":\"bigint\",\"createBy\":\"admin\",\"createTime\":\"2026-03-06 04:08:52\",\"dictType\":\"\",\"edit\":false,\"htmlType\":\"input\",\"increment\":true,\"insert\":true,\"isIncrement\":\"1\",\"isInsert\":\"1\",\"isPk\":\"1\",\"isRequired\":\"0\",\"javaField\":\"readerId\",\"javaType\":\"Long\",\"list\":false,\"params\":{},\"pk\":true,\"query\":false,\"queryType\":\"EQ\",\"required\":false,\"sort\":1,\"superColumn\":false,\"tableId\":5,\"updateBy\":\"\",\"usableColumn\":false},{\"capJavaField\":\"ReaderNumber\",\"columnComment\":\"学号/工号\",\"columnId\":53,\"columnName\":\"reader_number\",\"columnType\":\"varchar(50)\",\"createBy\":\"admin\",\"createTime\":\"2026-03-06 04:08:52\",\"dictType\":\"\",\"edit\":true,\"htmlType\":\"input\",\"increment\":false,\"insert\":true,\"isEdit\":\"1\",\"isIncrement\":\"0\",\"isInsert\":\"1\",\"isList\":\"1\",\"isPk\":\"0\",\"isQuery\":\"1\",\"isRequired\":\"1\",\"javaField\":\"readerNumber\",\"javaType\":\"String\",\"list\":true,\"params\":{},\"pk\":false,\"query\":true,\"queryType\":\"EQ\",\"required\":true,\"sort\":2,\"superColumn\":false,\"tableId\":5,\"updateBy\":\"\",\"usableColumn\":false},{\"capJavaField\":\"Name\",\"columnComment\":\"读者姓名\",\"columnId\":54,\"columnName\":\"name\",\"columnType\":\"varchar(100)\",\"createBy\":\"admin\",\"createTime\":\"2026-03-06 04:08:52\",\"dictType\":\"\",\"edit\":true,\"htmlType\":\"input\",\"increment\":false,\"insert\":true,\"isEdit\":\"1\",\"isIncrement\":\"0\",\"isInsert\":\"1\",\"isList\":\"1\",\"isPk\":\"0\",\"isQuery\":\"1\",\"isRequired\":\"1\",\"javaField\":\"name\",\"javaType\":\"String\",\"list\":true,\"params\":{},\"pk\":false,\"query\":true,\"queryType\":\"LIKE\",\"required\":true,\"sort\":3,\"superColumn\":false,\"tableId\":5,\"updateBy\":\"\",\"usableColumn\":false},{\"capJavaField\":\"GradeMajor\",\"columnComment\":\"年级专业\",\"columnId\":55,\"columnName\":\"grade_major\",\"columnType\":\"varchar(150)\",\"createBy\":\"admin\",\"createTime\":\"2026-03-06 04:08:52\",\"dictType\":\"\",\"edit\":true,\"htmlType\":\"input\",\"increment\":false,\"insert\":true,\"isEdit\":\"1\",\"isIncrement\":\"0\",\"isInsert\":\"1\",\"isList\":\"1\",\"isPk\":\"0\",\"isQuery\":\"1\",\"isRequired\":\"1\",\"javaFie','{\"msg\":\"操作成功\",\"code\":200}',0,NULL,'2026-03-09 01:17:31',170),(114,'代码生成',2,'com.ruoyi.generator.controller.GenController.editSave()','PUT',1,'admin','研发部门','/tool/gen','127.0.0.1','内网IP','{\"businessName\":\"reader\",\"className\":\"Reader\",\"columns\":[{\"capJavaField\":\"ReaderId\",\"columnId\":52,\"columnName\":\"reader_id\",\"columnType\":\"bigint\",\"createBy\":\"admin\",\"createTime\":\"2026-03-06 04:08:52\",\"dictType\":\"\",\"edit\":false,\"htmlType\":\"input\",\"increment\":true,\"insert\":true,\"isIncrement\":\"1\",\"isInsert\":\"1\",\"isPk\":\"1\",\"isRequired\":\"0\",\"javaField\":\"readerId\",\"javaType\":\"Long\",\"list\":false,\"params\":{},\"pk\":true,\"query\":false,\"queryType\":\"EQ\",\"required\":false,\"sort\":1,\"superColumn\":false,\"tableId\":5,\"updateBy\":\"\",\"updateTime\":\"2026-03-09 01:17:31\",\"usableColumn\":false},{\"capJavaField\":\"ReaderNumber\",\"columnComment\":\"学号/工号\",\"columnId\":53,\"columnName\":\"reader_number\",\"columnType\":\"varchar(50)\",\"createBy\":\"admin\",\"createTime\":\"2026-03-06 04:08:52\",\"dictType\":\"\",\"edit\":true,\"htmlType\":\"input\",\"increment\":false,\"insert\":true,\"isEdit\":\"1\",\"isIncrement\":\"0\",\"isInsert\":\"1\",\"isList\":\"1\",\"isPk\":\"0\",\"isQuery\":\"1\",\"isRequired\":\"1\",\"javaField\":\"readerNumber\",\"javaType\":\"String\",\"list\":true,\"params\":{},\"pk\":false,\"query\":true,\"queryType\":\"EQ\",\"required\":true,\"sort\":2,\"superColumn\":false,\"tableId\":5,\"updateBy\":\"\",\"updateTime\":\"2026-03-09 01:17:31\",\"usableColumn\":false},{\"capJavaField\":\"Name\",\"columnComment\":\"读者姓名\",\"columnId\":54,\"columnName\":\"name\",\"columnType\":\"varchar(100)\",\"createBy\":\"admin\",\"createTime\":\"2026-03-06 04:08:52\",\"dictType\":\"\",\"edit\":true,\"htmlType\":\"input\",\"increment\":false,\"insert\":true,\"isEdit\":\"1\",\"isIncrement\":\"0\",\"isInsert\":\"1\",\"isList\":\"1\",\"isPk\":\"0\",\"isQuery\":\"1\",\"isRequired\":\"1\",\"javaField\":\"name\",\"javaType\":\"String\",\"list\":true,\"params\":{},\"pk\":false,\"query\":true,\"queryType\":\"LIKE\",\"required\":true,\"sort\":3,\"superColumn\":false,\"tableId\":5,\"updateBy\":\"\",\"updateTime\":\"2026-03-09 01:17:31\",\"usableColumn\":false},{\"capJavaField\":\"GradeMajor\",\"columnComment\":\"年级专业\",\"columnId\":55,\"columnName\":\"grade_major\",\"columnType\":\"varchar(150)\",\"createBy\":\"admin\",\"createTime\":\"2026-03-06 04:08:52\",\"dictType\":\"\",\"edit\":true,\"htmlType\":\"input\",\"increment\":false,\"insert\":true,\"isE','{\"msg\":\"操作成功\",\"code\":200}',0,NULL,'2026-03-09 01:27:17',84),(115,'代码生成',2,'com.ruoyi.generator.controller.GenController.editSave()','PUT',1,'admin','研发部门','/tool/gen','127.0.0.1','内网IP','{\"businessName\":\"record\",\"className\":\"BorrowRecord\",\"columns\":[{\"capJavaField\":\"RecordId\",\"columnComment\":\"借阅记录ID\",\"columnId\":37,\"columnName\":\"record_id\",\"columnType\":\"bigint\",\"createBy\":\"admin\",\"createTime\":\"2026-03-06 04:08:34\",\"dictType\":\"\",\"edit\":false,\"htmlType\":\"input\",\"increment\":true,\"insert\":true,\"isIncrement\":\"1\",\"isInsert\":\"1\",\"isPk\":\"1\",\"isRequired\":\"0\",\"javaField\":\"recordId\",\"javaType\":\"Long\",\"list\":false,\"params\":{},\"pk\":true,\"query\":false,\"queryType\":\"EQ\",\"required\":false,\"sort\":1,\"superColumn\":false,\"tableId\":4,\"updateBy\":\"\",\"usableColumn\":false},{\"capJavaField\":\"CopyId\",\"columnComment\":\"图书副本ID\",\"columnId\":38,\"columnName\":\"copy_id\",\"columnType\":\"bigint\",\"createBy\":\"admin\",\"createTime\":\"2026-03-06 04:08:34\",\"dictType\":\"\",\"edit\":true,\"htmlType\":\"input\",\"increment\":false,\"insert\":true,\"isEdit\":\"1\",\"isIncrement\":\"0\",\"isInsert\":\"1\",\"isList\":\"1\",\"isPk\":\"0\",\"isQuery\":\"1\",\"isRequired\":\"1\",\"javaField\":\"copyId\",\"javaType\":\"Long\",\"list\":true,\"params\":{},\"pk\":false,\"query\":true,\"queryType\":\"EQ\",\"required\":true,\"sort\":2,\"superColumn\":false,\"tableId\":4,\"updateBy\":\"\",\"usableColumn\":false},{\"capJavaField\":\"ReaderId\",\"columnComment\":\"读者ID\",\"columnId\":39,\"columnName\":\"reader_id\",\"columnType\":\"bigint\",\"createBy\":\"admin\",\"createTime\":\"2026-03-06 04:08:34\",\"dictType\":\"\",\"edit\":true,\"htmlType\":\"input\",\"increment\":false,\"insert\":true,\"isEdit\":\"1\",\"isIncrement\":\"0\",\"isInsert\":\"1\",\"isList\":\"1\",\"isPk\":\"0\",\"isQuery\":\"1\",\"isRequired\":\"1\",\"javaField\":\"readerId\",\"javaType\":\"Long\",\"list\":true,\"params\":{},\"pk\":false,\"query\":true,\"queryType\":\"EQ\",\"required\":true,\"sort\":3,\"superColumn\":false,\"tableId\":4,\"updateBy\":\"\",\"usableColumn\":false},{\"capJavaField\":\"BorrowDate\",\"columnComment\":\"借阅日期\",\"columnId\":40,\"columnName\":\"borrow_date\",\"columnType\":\"datetime\",\"createBy\":\"admin\",\"createTime\":\"2026-03-06 04:08:34\",\"dictType\":\"\",\"edit\":true,\"htmlType\":\"datetime\",\"increment\":false,\"insert\":true,\"isEdit\":\"1\",\"isIncrement\":\"0\",\"isInsert\":\"1\",\"isList\":\"1\",\"isPk\":\"0\",\"isQuery\":\"1\",\"isRequired\":\"1\"','{\"msg\":\"操作成功\",\"code\":200}',0,NULL,'2026-03-09 01:35:38',102),(116,'字典类型',1,'com.ruoyi.web.controller.system.SysDictTypeController.add()','POST',1,'admin','研发部门','/system/dict/type','127.0.0.1','内网IP','{\"createBy\":\"admin\",\"dictName\":\"读者类型\",\"dictType\":\"reader_type\",\"params\":{},\"status\":\"0\"} ','{\"msg\":\"操作成功\",\"code\":200}',0,NULL,'2026-03-09 01:46:16',27),(117,'字典类型',2,'com.ruoyi.web.controller.system.SysDictTypeController.edit()','PUT',1,'admin','研发部门','/system/dict/type','127.0.0.1','内网IP','{\"createBy\":\"admin\",\"createTime\":\"2026-03-09 01:46:16\",\"dictId\":100,\"dictName\":\"读者类型\",\"dictType\":\"reader_type\",\"params\":{},\"status\":\"0\",\"updateBy\":\"admin\"} ','{\"msg\":\"操作成功\",\"code\":200}',0,NULL,'2026-03-09 01:46:24',39),(118,'字典类型',2,'com.ruoyi.web.controller.system.SysDictTypeController.edit()','PUT',1,'admin','研发部门','/system/dict/type','127.0.0.1','内网IP','{\"createBy\":\"admin\",\"createTime\":\"2026-03-09 01:46:16\",\"dictId\":100,\"dictName\":\"读者类型\",\"dictType\":\"reader_type\",\"params\":{},\"status\":\"0\",\"updateBy\":\"admin\"} ','{\"msg\":\"操作成功\",\"code\":200}',0,NULL,'2026-03-09 01:46:53',35),(119,'字典数据',1,'com.ruoyi.web.controller.system.SysDictDataController.add()','POST',1,'admin','研发部门','/system/dict/data','127.0.0.1','内网IP','{\"createBy\":\"admin\",\"default\":false,\"dictLabel\":\"学生\",\"dictSort\":0,\"dictType\":\"reader_type\",\"dictValue\":\"1\",\"listClass\":\"default\",\"params\":{},\"status\":\"0\"} ','{\"msg\":\"操作成功\",\"code\":200}',0,NULL,'2026-03-09 01:49:32',27),(120,'字典数据',1,'com.ruoyi.web.controller.system.SysDictDataController.add()','POST',1,'admin','研发部门','/system/dict/data','127.0.0.1','内网IP','{\"createBy\":\"admin\",\"default\":false,\"dictLabel\":\"职工\",\"dictSort\":1,\"dictType\":\"reader_type\",\"dictValue\":\"2\",\"listClass\":\"primary\",\"params\":{},\"status\":\"0\"} ','{\"msg\":\"操作成功\",\"code\":200}',0,NULL,'2026-03-09 01:49:44',15),(121,'代码生成',2,'com.ruoyi.generator.controller.GenController.editSave()','PUT',1,'admin','研发部门','/tool/gen','127.0.0.1','内网IP','{\"businessName\":\"reader\",\"className\":\"Reader\",\"columns\":[{\"capJavaField\":\"ReaderId\",\"columnId\":52,\"columnName\":\"reader_id\",\"columnType\":\"bigint\",\"createBy\":\"admin\",\"createTime\":\"2026-03-06 04:08:52\",\"dictType\":\"\",\"edit\":false,\"htmlType\":\"input\",\"increment\":true,\"insert\":false,\"isIncrement\":\"1\",\"isInsert\":\"0\",\"isPk\":\"1\",\"isRequired\":\"0\",\"javaField\":\"readerId\",\"javaType\":\"Long\",\"list\":false,\"params\":{},\"pk\":true,\"query\":false,\"queryType\":\"EQ\",\"required\":false,\"sort\":1,\"superColumn\":false,\"tableId\":5,\"updateBy\":\"\",\"updateTime\":\"2026-03-09 01:27:17\",\"usableColumn\":false},{\"capJavaField\":\"ReaderNumber\",\"columnComment\":\"学号/工号\",\"columnId\":53,\"columnName\":\"reader_number\",\"columnType\":\"varchar(50)\",\"createBy\":\"admin\",\"createTime\":\"2026-03-06 04:08:52\",\"dictType\":\"\",\"edit\":true,\"htmlType\":\"input\",\"increment\":false,\"insert\":true,\"isEdit\":\"1\",\"isIncrement\":\"0\",\"isInsert\":\"1\",\"isList\":\"1\",\"isPk\":\"0\",\"isQuery\":\"1\",\"isRequired\":\"1\",\"javaField\":\"readerNumber\",\"javaType\":\"String\",\"list\":true,\"params\":{},\"pk\":false,\"query\":true,\"queryType\":\"EQ\",\"required\":true,\"sort\":2,\"superColumn\":false,\"tableId\":5,\"updateBy\":\"\",\"updateTime\":\"2026-03-09 01:27:17\",\"usableColumn\":false},{\"capJavaField\":\"Name\",\"columnComment\":\"读者姓名\",\"columnId\":54,\"columnName\":\"name\",\"columnType\":\"varchar(100)\",\"createBy\":\"admin\",\"createTime\":\"2026-03-06 04:08:52\",\"dictType\":\"\",\"edit\":true,\"htmlType\":\"input\",\"increment\":false,\"insert\":true,\"isEdit\":\"1\",\"isIncrement\":\"0\",\"isInsert\":\"1\",\"isList\":\"1\",\"isPk\":\"0\",\"isQuery\":\"1\",\"isRequired\":\"1\",\"javaField\":\"name\",\"javaType\":\"String\",\"list\":true,\"params\":{},\"pk\":false,\"query\":true,\"queryType\":\"LIKE\",\"required\":true,\"sort\":3,\"superColumn\":false,\"tableId\":5,\"updateBy\":\"\",\"updateTime\":\"2026-03-09 01:27:17\",\"usableColumn\":false},{\"capJavaField\":\"GradeMajor\",\"columnComment\":\"年级专业\",\"columnId\":55,\"columnName\":\"grade_major\",\"columnType\":\"varchar(150)\",\"createBy\":\"admin\",\"createTime\":\"2026-03-06 04:08:52\",\"dictType\":\"\",\"edit\":true,\"htmlType\":\"input\",\"increment\":false,\"insert\":true,\"is','{\"msg\":\"操作成功\",\"code\":200}',0,NULL,'2026-03-09 01:50:53',88),(122,'代码生成',2,'com.ruoyi.generator.controller.GenController.editSave()','PUT',1,'admin','研发部门','/tool/gen','127.0.0.1','内网IP','{\"businessName\":\"reader\",\"className\":\"Reader\",\"columns\":[{\"capJavaField\":\"ReaderId\",\"columnId\":52,\"columnName\":\"reader_id\",\"columnType\":\"bigint\",\"createBy\":\"admin\",\"createTime\":\"2026-03-06 04:08:52\",\"dictType\":\"\",\"edit\":false,\"htmlType\":\"input\",\"increment\":true,\"insert\":false,\"isIncrement\":\"1\",\"isInsert\":\"0\",\"isPk\":\"1\",\"isRequired\":\"0\",\"javaField\":\"readerId\",\"javaType\":\"Long\",\"list\":false,\"params\":{},\"pk\":true,\"query\":false,\"queryType\":\"EQ\",\"required\":false,\"sort\":1,\"superColumn\":false,\"tableId\":5,\"updateBy\":\"\",\"updateTime\":\"2026-03-09 01:50:53\",\"usableColumn\":false},{\"capJavaField\":\"ReaderNumber\",\"columnComment\":\"学号/工号\",\"columnId\":53,\"columnName\":\"reader_number\",\"columnType\":\"varchar(50)\",\"createBy\":\"admin\",\"createTime\":\"2026-03-06 04:08:52\",\"dictType\":\"\",\"edit\":true,\"htmlType\":\"input\",\"increment\":false,\"insert\":true,\"isEdit\":\"1\",\"isIncrement\":\"0\",\"isInsert\":\"1\",\"isList\":\"1\",\"isPk\":\"0\",\"isQuery\":\"1\",\"isRequired\":\"1\",\"javaField\":\"readerNumber\",\"javaType\":\"String\",\"list\":true,\"params\":{},\"pk\":false,\"query\":true,\"queryType\":\"EQ\",\"required\":true,\"sort\":2,\"superColumn\":false,\"tableId\":5,\"updateBy\":\"\",\"updateTime\":\"2026-03-09 01:50:53\",\"usableColumn\":false},{\"capJavaField\":\"Name\",\"columnComment\":\"读者姓名\",\"columnId\":54,\"columnName\":\"name\",\"columnType\":\"varchar(100)\",\"createBy\":\"admin\",\"createTime\":\"2026-03-06 04:08:52\",\"dictType\":\"\",\"edit\":true,\"htmlType\":\"input\",\"increment\":false,\"insert\":true,\"isEdit\":\"1\",\"isIncrement\":\"0\",\"isInsert\":\"1\",\"isList\":\"1\",\"isPk\":\"0\",\"isQuery\":\"1\",\"isRequired\":\"1\",\"javaField\":\"name\",\"javaType\":\"String\",\"list\":true,\"params\":{},\"pk\":false,\"query\":true,\"queryType\":\"LIKE\",\"required\":true,\"sort\":3,\"superColumn\":false,\"tableId\":5,\"updateBy\":\"\",\"updateTime\":\"2026-03-09 01:50:53\",\"usableColumn\":false},{\"capJavaField\":\"GradeMajor\",\"columnComment\":\"年级专业\",\"columnId\":55,\"columnName\":\"grade_major\",\"columnType\":\"varchar(150)\",\"createBy\":\"admin\",\"createTime\":\"2026-03-06 04:08:52\",\"dictType\":\"\",\"edit\":true,\"htmlType\":\"input\",\"increment\":false,\"insert\":true,\"is','{\"msg\":\"操作成功\",\"code\":200}',0,NULL,'2026-03-09 01:51:33',79),(123,'字典类型',1,'com.ruoyi.web.controller.system.SysDictTypeController.add()','POST',1,'admin','研发部门','/system/dict/type','127.0.0.1','内网IP','{\"createBy\":\"admin\",\"dictName\":\"借阅状态\",\"dictType\":\"borrow_status\",\"params\":{},\"status\":\"0\"} ','{\"msg\":\"操作成功\",\"code\":200}',0,NULL,'2026-03-09 01:52:17',20),(124,'字典数据',1,'com.ruoyi.web.controller.system.SysDictDataController.add()','POST',1,'admin','研发部门','/system/dict/data','127.0.0.1','内网IP','{\"createBy\":\"admin\",\"default\":false,\"dictLabel\":\"借出\",\"dictSort\":0,\"dictType\":\"borrow_status\",\"dictValue\":\"1\",\"listClass\":\"primary\",\"params\":{},\"status\":\"0\"} ','{\"msg\":\"操作成功\",\"code\":200}',0,NULL,'2026-03-09 01:53:09',19),(125,'字典数据',1,'com.ruoyi.web.controller.system.SysDictDataController.add()','POST',1,'admin','研发部门','/system/dict/data','127.0.0.1','内网IP','{\"createBy\":\"admin\",\"default\":false,\"dictLabel\":\"已归还\",\"dictSort\":1,\"dictType\":\"borrow_status\",\"dictValue\":\"2\",\"listClass\":\"success\",\"params\":{},\"status\":\"0\"} ','{\"msg\":\"操作成功\",\"code\":200}',0,NULL,'2026-03-09 01:53:29',37),(126,'字典数据',1,'com.ruoyi.web.controller.system.SysDictDataController.add()','POST',1,'admin','研发部门','/system/dict/data','127.0.0.1','内网IP','{\"createBy\":\"admin\",\"default\":false,\"dictLabel\":\"逾期\",\"dictSort\":2,\"dictType\":\"borrow_status\",\"dictValue\":\"3\",\"listClass\":\"warning\",\"params\":{},\"status\":\"0\"} ','{\"msg\":\"操作成功\",\"code\":200}',0,NULL,'2026-03-09 01:53:53',26),(127,'字典数据',1,'com.ruoyi.web.controller.system.SysDictDataController.add()','POST',1,'admin','研发部门','/system/dict/data','127.0.0.1','内网IP','{\"createBy\":\"admin\",\"default\":false,\"dictLabel\":\"遗失\",\"dictSort\":4,\"dictType\":\"borrow_status\",\"dictValue\":\"3\",\"listClass\":\"danger\",\"params\":{},\"status\":\"0\"} ','{\"msg\":\"操作成功\",\"code\":200}',0,NULL,'2026-03-09 01:54:06',25),(128,'字典数据',2,'com.ruoyi.web.controller.system.SysDictDataController.edit()','PUT',1,'admin','研发部门','/system/dict/data','127.0.0.1','内网IP','{\"createBy\":\"admin\",\"createTime\":\"2026-03-09 01:54:06\",\"default\":false,\"dictCode\":105,\"dictLabel\":\"遗失\",\"dictSort\":3,\"dictType\":\"borrow_status\",\"dictValue\":\"4\",\"isDefault\":\"N\",\"listClass\":\"danger\",\"params\":{},\"status\":\"0\",\"updateBy\":\"admin\"} ','{\"msg\":\"操作成功\",\"code\":200}',0,NULL,'2026-03-09 01:54:22',20),(129,'代码生成',2,'com.ruoyi.generator.controller.GenController.editSave()','PUT',1,'admin','研发部门','/tool/gen','127.0.0.1','内网IP','{\"businessName\":\"reader\",\"className\":\"Reader\",\"columns\":[{\"capJavaField\":\"ReaderId\",\"columnId\":52,\"columnName\":\"reader_id\",\"columnType\":\"bigint\",\"createBy\":\"admin\",\"createTime\":\"2026-03-06 04:08:52\",\"dictType\":\"\",\"edit\":false,\"htmlType\":\"input\",\"increment\":true,\"insert\":true,\"isIncrement\":\"1\",\"isInsert\":\"1\",\"isPk\":\"1\",\"isRequired\":\"0\",\"javaField\":\"readerId\",\"javaType\":\"Long\",\"list\":false,\"params\":{},\"pk\":true,\"query\":false,\"queryType\":\"EQ\",\"required\":false,\"sort\":1,\"superColumn\":false,\"tableId\":5,\"updateBy\":\"\",\"updateTime\":\"2026-03-09 01:27:17\",\"usableColumn\":false},{\"capJavaField\":\"ReaderNumber\",\"columnComment\":\"学号/工号\",\"columnId\":53,\"columnName\":\"reader_number\",\"columnType\":\"varchar(50)\",\"createBy\":\"admin\",\"createTime\":\"2026-03-06 04:08:52\",\"dictType\":\"\",\"edit\":true,\"htmlType\":\"input\",\"increment\":false,\"insert\":true,\"isEdit\":\"1\",\"isIncrement\":\"0\",\"isInsert\":\"1\",\"isList\":\"1\",\"isPk\":\"0\",\"isQuery\":\"1\",\"isRequired\":\"1\",\"javaField\":\"readerNumber\",\"javaType\":\"String\",\"list\":true,\"params\":{},\"pk\":false,\"query\":true,\"queryType\":\"EQ\",\"required\":true,\"sort\":2,\"superColumn\":false,\"tableId\":5,\"updateBy\":\"\",\"updateTime\":\"2026-03-09 01:27:17\",\"usableColumn\":false},{\"capJavaField\":\"Name\",\"columnComment\":\"读者姓名\",\"columnId\":54,\"columnName\":\"name\",\"columnType\":\"varchar(100)\",\"createBy\":\"admin\",\"createTime\":\"2026-03-06 04:08:52\",\"dictType\":\"\",\"edit\":true,\"htmlType\":\"input\",\"increment\":false,\"insert\":true,\"isEdit\":\"1\",\"isIncrement\":\"0\",\"isInsert\":\"1\",\"isList\":\"1\",\"isPk\":\"0\",\"isQuery\":\"1\",\"isRequired\":\"1\",\"javaField\":\"name\",\"javaType\":\"String\",\"list\":true,\"params\":{},\"pk\":false,\"query\":true,\"queryType\":\"LIKE\",\"required\":true,\"sort\":3,\"superColumn\":false,\"tableId\":5,\"updateBy\":\"\",\"updateTime\":\"2026-03-09 01:27:17\",\"usableColumn\":false},{\"capJavaField\":\"GradeMajor\",\"columnComment\":\"年级专业\",\"columnId\":55,\"columnName\":\"grade_major\",\"columnType\":\"varchar(150)\",\"createBy\":\"admin\",\"createTime\":\"2026-03-06 04:08:52\",\"dictType\":\"\",\"edit\":true,\"htmlType\":\"input\",\"increment\":false,\"insert\":true,\"isE','{\"msg\":\"操作成功\",\"code\":200}',0,NULL,'2026-03-09 01:54:31',97),(130,'代码生成',2,'com.ruoyi.generator.controller.GenController.editSave()','PUT',1,'admin','研发部门','/tool/gen','127.0.0.1','内网IP','{\"businessName\":\"record\",\"className\":\"BorrowRecord\",\"columns\":[{\"capJavaField\":\"RecordId\",\"columnComment\":\"借阅记录ID\",\"columnId\":37,\"columnName\":\"record_id\",\"columnType\":\"bigint\",\"createBy\":\"admin\",\"createTime\":\"2026-03-06 04:08:34\",\"dictType\":\"\",\"edit\":false,\"htmlType\":\"input\",\"increment\":true,\"insert\":true,\"isIncrement\":\"1\",\"isInsert\":\"1\",\"isPk\":\"1\",\"isRequired\":\"0\",\"javaField\":\"recordId\",\"javaType\":\"Long\",\"list\":false,\"params\":{},\"pk\":true,\"query\":false,\"queryType\":\"EQ\",\"required\":false,\"sort\":1,\"superColumn\":false,\"tableId\":4,\"updateBy\":\"\",\"updateTime\":\"2026-03-09 01:35:38\",\"usableColumn\":false},{\"capJavaField\":\"CopyId\",\"columnComment\":\"图书副本ID\",\"columnId\":38,\"columnName\":\"copy_id\",\"columnType\":\"bigint\",\"createBy\":\"admin\",\"createTime\":\"2026-03-06 04:08:34\",\"dictType\":\"\",\"edit\":true,\"htmlType\":\"input\",\"increment\":false,\"insert\":true,\"isEdit\":\"1\",\"isIncrement\":\"0\",\"isInsert\":\"1\",\"isList\":\"1\",\"isPk\":\"0\",\"isQuery\":\"1\",\"isRequired\":\"1\",\"javaField\":\"copyId\",\"javaType\":\"Long\",\"list\":true,\"params\":{},\"pk\":false,\"query\":true,\"queryType\":\"EQ\",\"required\":true,\"sort\":2,\"superColumn\":false,\"tableId\":4,\"updateBy\":\"\",\"updateTime\":\"2026-03-09 01:35:38\",\"usableColumn\":false},{\"capJavaField\":\"ReaderId\",\"columnComment\":\"读者ID\",\"columnId\":39,\"columnName\":\"reader_id\",\"columnType\":\"bigint\",\"createBy\":\"admin\",\"createTime\":\"2026-03-06 04:08:34\",\"dictType\":\"\",\"edit\":true,\"htmlType\":\"input\",\"increment\":false,\"insert\":true,\"isEdit\":\"1\",\"isIncrement\":\"0\",\"isInsert\":\"1\",\"isList\":\"1\",\"isPk\":\"0\",\"isQuery\":\"1\",\"isRequired\":\"1\",\"javaField\":\"readerId\",\"javaType\":\"Long\",\"list\":true,\"params\":{},\"pk\":false,\"query\":true,\"queryType\":\"EQ\",\"required\":true,\"sort\":3,\"superColumn\":false,\"tableId\":4,\"updateBy\":\"\",\"updateTime\":\"2026-03-09 01:35:38\",\"usableColumn\":false},{\"capJavaField\":\"BorrowDate\",\"columnComment\":\"借阅日期\",\"columnId\":40,\"columnName\":\"borrow_date\",\"columnType\":\"datetime\",\"createBy\":\"admin\",\"createTime\":\"2026-03-06 04:08:34\",\"dictType\":\"\",\"edit\":true,\"htmlType\":\"datetime\",\"increment\":false,\"insert\":','{\"msg\":\"操作成功\",\"code\":200}',0,NULL,'2026-03-09 02:02:43',105),(131,'代码生成',2,'com.ruoyi.generator.controller.GenController.editSave()','PUT',1,'admin','研发部门','/tool/gen','127.0.0.1','内网IP','{\"businessName\":\"copy\",\"className\":\"BookCopy\",\"columns\":[{\"capJavaField\":\"CopyId\",\"columnComment\":\"副本ID\",\"columnId\":30,\"columnName\":\"copy_id\",\"columnType\":\"bigint\",\"createBy\":\"admin\",\"createTime\":\"2026-03-06 04:08:16\",\"dictType\":\"\",\"edit\":false,\"htmlType\":\"input\",\"increment\":true,\"insert\":false,\"isIncrement\":\"1\",\"isInsert\":\"0\",\"isPk\":\"1\",\"isRequired\":\"0\",\"javaField\":\"copyId\",\"javaType\":\"Long\",\"list\":false,\"params\":{},\"pk\":true,\"query\":false,\"queryType\":\"EQ\",\"required\":false,\"sort\":1,\"superColumn\":false,\"tableId\":3,\"updateBy\":\"\",\"usableColumn\":false},{\"capJavaField\":\"BookId\",\"columnComment\":\"图书ID\",\"columnId\":31,\"columnName\":\"book_id\",\"columnType\":\"bigint\",\"createBy\":\"admin\",\"createTime\":\"2026-03-06 04:08:16\",\"dictType\":\"\",\"edit\":true,\"htmlType\":\"input\",\"increment\":false,\"insert\":true,\"isEdit\":\"1\",\"isIncrement\":\"0\",\"isInsert\":\"1\",\"isList\":\"1\",\"isPk\":\"0\",\"isQuery\":\"1\",\"isRequired\":\"1\",\"javaField\":\"bookId\",\"javaType\":\"Long\",\"list\":true,\"params\":{},\"pk\":false,\"query\":true,\"queryType\":\"EQ\",\"required\":true,\"sort\":2,\"superColumn\":false,\"tableId\":3,\"updateBy\":\"\",\"usableColumn\":false},{\"capJavaField\":\"Barcode\",\"columnComment\":\"条形码\",\"columnId\":32,\"columnName\":\"barcode\",\"columnType\":\"varchar(255)\",\"createBy\":\"admin\",\"createTime\":\"2026-03-06 04:08:16\",\"dictType\":\"\",\"edit\":true,\"htmlType\":\"input\",\"increment\":false,\"insert\":true,\"isEdit\":\"1\",\"isIncrement\":\"0\",\"isInsert\":\"1\",\"isList\":\"1\",\"isPk\":\"0\",\"isQuery\":\"1\",\"isRequired\":\"1\",\"javaField\":\"barcode\",\"javaType\":\"String\",\"list\":true,\"params\":{},\"pk\":false,\"query\":true,\"queryType\":\"EQ\",\"required\":true,\"sort\":3,\"superColumn\":false,\"tableId\":3,\"updateBy\":\"\",\"usableColumn\":false},{\"capJavaField\":\"Location\",\"columnComment\":\"存放位置\",\"columnId\":33,\"columnName\":\"location\",\"columnType\":\"varchar(255)\",\"createBy\":\"admin\",\"createTime\":\"2026-03-06 04:08:16\",\"dictType\":\"\",\"edit\":true,\"htmlType\":\"input\",\"increment\":false,\"insert\":true,\"isEdit\":\"1\",\"isIncrement\":\"0\",\"isInsert\":\"1\",\"isList\":\"1\",\"isPk\":\"0\",\"isQuery\":\"1\",\"isRequired\":\"0\",\"javaField\":\"lo','{\"msg\":\"操作成功\",\"code\":200}',0,NULL,'2026-03-09 02:13:15',47),(132,'字典类型',1,'com.ruoyi.web.controller.system.SysDictTypeController.add()','POST',1,'admin','研发部门','/system/dict/type','127.0.0.1','内网IP','{\"createBy\":\"admin\",\"dictName\":\"图书分类状态\",\"dictType\":\"category_status\",\"params\":{},\"status\":\"0\"} ','{\"msg\":\"操作成功\",\"code\":200}',0,NULL,'2026-03-09 02:14:40',21),(133,'字典数据',1,'com.ruoyi.web.controller.system.SysDictDataController.add()','POST',1,'admin','研发部门','/system/dict/data','127.0.0.1','内网IP','{\"createBy\":\"admin\",\"default\":false,\"dictLabel\":\"启用\",\"dictSort\":0,\"dictType\":\"category_status\",\"dictValue\":\"1\",\"listClass\":\"success\",\"params\":{},\"status\":\"0\"} ','{\"msg\":\"操作成功\",\"code\":200}',0,NULL,'2026-03-09 02:14:58',15),(134,'字典数据',1,'com.ruoyi.web.controller.system.SysDictDataController.add()','POST',1,'admin','研发部门','/system/dict/data','127.0.0.1','内网IP','{\"createBy\":\"admin\",\"default\":false,\"dictLabel\":\"禁用\",\"dictSort\":1,\"dictType\":\"category_status\",\"dictValue\":\"0\",\"listClass\":\"danger\",\"params\":{},\"status\":\"0\"} ','{\"msg\":\"操作成功\",\"code\":200}',0,NULL,'2026-03-09 02:15:15',20),(135,'代码生成',2,'com.ruoyi.generator.controller.GenController.editSave()','PUT',1,'admin','研发部门','/tool/gen','127.0.0.1','内网IP','{\"businessName\":\"category\",\"className\":\"BookCategory\",\"columns\":[{\"capJavaField\":\"CategoryId\",\"columnComment\":\"图书分类ID\",\"columnId\":22,\"columnName\":\"category_id\",\"columnType\":\"bigint\",\"createBy\":\"admin\",\"createTime\":\"2026-03-06 04:07:58\",\"dictType\":\"\",\"edit\":false,\"htmlType\":\"input\",\"increment\":true,\"insert\":true,\"isIncrement\":\"1\",\"isInsert\":\"1\",\"isPk\":\"1\",\"isRequired\":\"0\",\"javaField\":\"categoryId\",\"javaType\":\"Long\",\"list\":false,\"params\":{},\"pk\":true,\"query\":false,\"queryType\":\"EQ\",\"required\":false,\"sort\":1,\"superColumn\":false,\"tableId\":2,\"updateBy\":\"\",\"usableColumn\":false},{\"capJavaField\":\"CategoryName\",\"columnComment\":\"图书分类名称\",\"columnId\":23,\"columnName\":\"category_name\",\"columnType\":\"varchar(100)\",\"createBy\":\"admin\",\"createTime\":\"2026-03-06 04:07:58\",\"dictType\":\"\",\"edit\":true,\"htmlType\":\"input\",\"increment\":false,\"insert\":true,\"isEdit\":\"1\",\"isIncrement\":\"0\",\"isInsert\":\"1\",\"isList\":\"1\",\"isPk\":\"0\",\"isQuery\":\"1\",\"isRequired\":\"1\",\"javaField\":\"categoryName\",\"javaType\":\"String\",\"list\":true,\"params\":{},\"pk\":false,\"query\":true,\"queryType\":\"LIKE\",\"required\":true,\"sort\":2,\"superColumn\":false,\"tableId\":2,\"updateBy\":\"\",\"usableColumn\":false},{\"capJavaField\":\"Status\",\"columnComment\":\"分类状态：1=启用，0=禁用\",\"columnId\":24,\"columnName\":\"status\",\"columnType\":\"tinyint\",\"createBy\":\"admin\",\"createTime\":\"2026-03-06 04:07:58\",\"dictType\":\"\",\"edit\":true,\"htmlType\":\"radio\",\"increment\":false,\"insert\":true,\"isEdit\":\"1\",\"isIncrement\":\"0\",\"isInsert\":\"1\",\"isList\":\"1\",\"isPk\":\"0\",\"isQuery\":\"1\",\"isRequired\":\"0\",\"javaField\":\"status\",\"javaType\":\"Long\",\"list\":true,\"params\":{},\"pk\":false,\"query\":true,\"queryType\":\"EQ\",\"required\":false,\"sort\":3,\"superColumn\":false,\"tableId\":2,\"updateBy\":\"\",\"usableColumn\":false},{\"capJavaField\":\"CreatedTime\",\"columnComment\":\"创建时间\",\"columnId\":25,\"columnName\":\"created_time\",\"columnType\":\"datetime\",\"createBy\":\"admin\",\"createTime\":\"2026-03-06 04:07:58\",\"dictType\":\"\",\"edit\":true,\"htmlType\":\"datetime\",\"increment\":false,\"insert\":true,\"isEdit\":\"1\",\"isIncrement\":\"0\",\"isInsert\":\"1\",\"isList\":\"1','{\"msg\":\"操作成功\",\"code\":200}',0,NULL,'2026-03-09 02:15:32',43),(136,'代码生成',2,'com.ruoyi.generator.controller.GenController.editSave()','PUT',1,'admin','研发部门','/tool/gen','127.0.0.1','内网IP','{\"businessName\":\"category\",\"className\":\"BookCategory\",\"columns\":[{\"capJavaField\":\"CategoryId\",\"columnComment\":\"图书分类ID\",\"columnId\":22,\"columnName\":\"category_id\",\"columnType\":\"bigint\",\"createBy\":\"admin\",\"createTime\":\"2026-03-06 04:07:58\",\"dictType\":\"\",\"edit\":false,\"htmlType\":\"input\",\"increment\":true,\"insert\":false,\"isIncrement\":\"1\",\"isInsert\":\"0\",\"isPk\":\"1\",\"isRequired\":\"0\",\"javaField\":\"categoryId\",\"javaType\":\"Long\",\"list\":false,\"params\":{},\"pk\":true,\"query\":false,\"queryType\":\"EQ\",\"required\":false,\"sort\":1,\"superColumn\":false,\"tableId\":2,\"updateBy\":\"\",\"updateTime\":\"2026-03-09 02:15:31\",\"usableColumn\":false},{\"capJavaField\":\"CategoryName\",\"columnComment\":\"图书分类名称\",\"columnId\":23,\"columnName\":\"category_name\",\"columnType\":\"varchar(100)\",\"createBy\":\"admin\",\"createTime\":\"2026-03-06 04:07:58\",\"dictType\":\"\",\"edit\":true,\"htmlType\":\"input\",\"increment\":false,\"insert\":true,\"isEdit\":\"1\",\"isIncrement\":\"0\",\"isInsert\":\"1\",\"isList\":\"1\",\"isPk\":\"0\",\"isQuery\":\"1\",\"isRequired\":\"1\",\"javaField\":\"categoryName\",\"javaType\":\"String\",\"list\":true,\"params\":{},\"pk\":false,\"query\":true,\"queryType\":\"LIKE\",\"required\":true,\"sort\":2,\"superColumn\":false,\"tableId\":2,\"updateBy\":\"\",\"updateTime\":\"2026-03-09 02:15:31\",\"usableColumn\":false},{\"capJavaField\":\"Status\",\"columnComment\":\"分类状态：1=启用，0=禁用\",\"columnId\":24,\"columnName\":\"status\",\"columnType\":\"tinyint\",\"createBy\":\"admin\",\"createTime\":\"2026-03-06 04:07:58\",\"dictType\":\"category_status\",\"edit\":true,\"htmlType\":\"radio\",\"increment\":false,\"insert\":true,\"isEdit\":\"1\",\"isIncrement\":\"0\",\"isInsert\":\"1\",\"isList\":\"1\",\"isPk\":\"0\",\"isQuery\":\"1\",\"isRequired\":\"0\",\"javaField\":\"status\",\"javaType\":\"Long\",\"list\":true,\"params\":{},\"pk\":false,\"query\":true,\"queryType\":\"EQ\",\"required\":false,\"sort\":3,\"superColumn\":false,\"tableId\":2,\"updateBy\":\"\",\"updateTime\":\"2026-03-09 02:15:31\",\"usableColumn\":false},{\"capJavaField\":\"CreatedTime\",\"columnComment\":\"创建时间\",\"columnId\":25,\"columnName\":\"created_time\",\"columnType\":\"datetime\",\"createBy\":\"admin\",\"createTime\":\"2026-03-06 04:07:58\",\"dictType\":\"\",\"e','{\"msg\":\"操作成功\",\"code\":200}',0,NULL,'2026-03-09 02:16:18',55),(137,'字典类型',1,'com.ruoyi.web.controller.system.SysDictTypeController.add()','POST',1,'admin','研发部门','/system/dict/type','127.0.0.1','内网IP','{\"createBy\":\"admin\",\"dictName\":\"图书状态\",\"dictType\":\"book_status\",\"params\":{},\"status\":\"0\"} ','{\"msg\":\"操作成功\",\"code\":200}',0,NULL,'2026-03-09 02:49:38',17),(138,'字典数据',1,'com.ruoyi.web.controller.system.SysDictDataController.add()','POST',1,'admin','研发部门','/system/dict/data','127.0.0.1','内网IP','{\"createBy\":\"admin\",\"default\":false,\"dictLabel\":\"在架\",\"dictSort\":0,\"dictType\":\"book_status\",\"dictValue\":\"1\",\"listClass\":\"success\",\"params\":{},\"status\":\"0\"} ','{\"msg\":\"操作成功\",\"code\":200}',0,NULL,'2026-03-09 02:50:02',17),(139,'字典数据',1,'com.ruoyi.web.controller.system.SysDictDataController.add()','POST',1,'admin','研发部门','/system/dict/data','127.0.0.1','内网IP','{\"createBy\":\"admin\",\"default\":false,\"dictLabel\":\"未上架\",\"dictSort\":1,\"dictType\":\"book_status\",\"dictValue\":\"2\",\"listClass\":\"default\",\"params\":{},\"status\":\"0\"} ','{\"msg\":\"操作成功\",\"code\":200}',0,NULL,'2026-03-09 02:50:14',19),(140,'字典数据',2,'com.ruoyi.web.controller.system.SysDictDataController.edit()','PUT',1,'admin','研发部门','/system/dict/data','127.0.0.1','内网IP','{\"createBy\":\"admin\",\"createTime\":\"2026-03-09 02:50:13\",\"default\":false,\"dictCode\":109,\"dictLabel\":\"未上架\",\"dictSort\":1,\"dictType\":\"book_status\",\"dictValue\":\"2\",\"isDefault\":\"N\",\"listClass\":\"info\",\"params\":{},\"status\":\"0\",\"updateBy\":\"admin\"} ','{\"msg\":\"操作成功\",\"code\":200}',0,NULL,'2026-03-09 02:50:21',22),(141,'字典数据',2,'com.ruoyi.web.controller.system.SysDictDataController.edit()','PUT',1,'admin','研发部门','/system/dict/data','127.0.0.1','内网IP','{\"createBy\":\"admin\",\"createTime\":\"2026-03-09 01:49:32\",\"default\":false,\"dictCode\":100,\"dictLabel\":\"学生\",\"dictSort\":0,\"dictType\":\"reader_type\",\"dictValue\":\"1\",\"isDefault\":\"N\",\"listClass\":\"info\",\"params\":{},\"status\":\"0\",\"updateBy\":\"admin\"} ','{\"msg\":\"操作成功\",\"code\":200}',0,NULL,'2026-03-09 02:50:35',21),(142,'代码生成',2,'com.ruoyi.generator.controller.GenController.editSave()','PUT',1,'admin','研发部门','/tool/gen','127.0.0.1','内网IP','{\"businessName\":\"book\",\"className\":\"Book\",\"columns\":[{\"capJavaField\":\"BookId\",\"columnComment\":\"图书的唯一标识符\",\"columnId\":1,\"columnName\":\"book_id\",\"columnType\":\"bigint\",\"createBy\":\"admin\",\"createTime\":\"2026-03-06 04:07:36\",\"dictType\":\"\",\"edit\":false,\"htmlType\":\"input\",\"increment\":true,\"insert\":false,\"isIncrement\":\"1\",\"isInsert\":\"0\",\"isPk\":\"1\",\"isRequired\":\"0\",\"javaField\":\"bookId\",\"javaType\":\"Long\",\"list\":false,\"params\":{},\"pk\":true,\"query\":false,\"queryType\":\"EQ\",\"required\":false,\"sort\":1,\"superColumn\":false,\"tableId\":1,\"updateBy\":\"\",\"usableColumn\":false},{\"capJavaField\":\"Title\",\"columnComment\":\"书名\",\"columnId\":2,\"columnName\":\"title\",\"columnType\":\"varchar(255)\",\"createBy\":\"admin\",\"createTime\":\"2026-03-06 04:07:36\",\"dictType\":\"\",\"edit\":true,\"htmlType\":\"input\",\"increment\":false,\"insert\":true,\"isEdit\":\"1\",\"isIncrement\":\"0\",\"isInsert\":\"1\",\"isList\":\"1\",\"isPk\":\"0\",\"isQuery\":\"1\",\"isRequired\":\"1\",\"javaField\":\"title\",\"javaType\":\"String\",\"list\":true,\"params\":{},\"pk\":false,\"query\":true,\"queryType\":\"EQ\",\"required\":true,\"sort\":2,\"superColumn\":false,\"tableId\":1,\"updateBy\":\"\",\"usableColumn\":false},{\"capJavaField\":\"Author\",\"columnComment\":\"作者\",\"columnId\":3,\"columnName\":\"author\",\"columnType\":\"varchar(100)\",\"createBy\":\"admin\",\"createTime\":\"2026-03-06 04:07:36\",\"dictType\":\"\",\"edit\":true,\"htmlType\":\"input\",\"increment\":false,\"insert\":true,\"isEdit\":\"1\",\"isIncrement\":\"0\",\"isInsert\":\"1\",\"isList\":\"1\",\"isPk\":\"0\",\"isQuery\":\"1\",\"isRequired\":\"0\",\"javaField\":\"author\",\"javaType\":\"String\",\"list\":true,\"params\":{},\"pk\":false,\"query\":true,\"queryType\":\"EQ\",\"required\":false,\"sort\":3,\"superColumn\":false,\"tableId\":1,\"updateBy\":\"\",\"usableColumn\":false},{\"capJavaField\":\"Isbn\",\"columnId\":4,\"columnName\":\"isbn\",\"columnType\":\"varchar(60)\",\"createBy\":\"admin\",\"createTime\":\"2026-03-06 04:07:36\",\"dictType\":\"\",\"edit\":true,\"htmlType\":\"input\",\"increment\":false,\"insert\":true,\"isEdit\":\"1\",\"isIncrement\":\"0\",\"isInsert\":\"1\",\"isList\":\"1\",\"isPk\":\"0\",\"isQuery\":\"1\",\"isRequired\":\"1\",\"javaField\":\"isbn\",\"javaType\":\"String\",\"list\":true,\"','{\"msg\":\"操作成功\",\"code\":200}',0,NULL,'2026-03-09 02:50:55',91),(143,'代码生成',2,'com.ruoyi.generator.controller.GenController.editSave()','PUT',1,'admin','研发部门','/tool/gen','127.0.0.1','内网IP','{\"businessName\":\"book\",\"className\":\"Book\",\"columns\":[{\"capJavaField\":\"BookId\",\"columnComment\":\"图书的唯一标识符\",\"columnId\":1,\"columnName\":\"book_id\",\"columnType\":\"bigint\",\"createBy\":\"admin\",\"createTime\":\"2026-03-06 04:07:36\",\"dictType\":\"\",\"edit\":false,\"htmlType\":\"input\",\"increment\":true,\"insert\":false,\"isIncrement\":\"1\",\"isInsert\":\"0\",\"isPk\":\"1\",\"isRequired\":\"0\",\"javaField\":\"bookId\",\"javaType\":\"Long\",\"list\":false,\"params\":{},\"pk\":true,\"query\":false,\"queryType\":\"EQ\",\"required\":false,\"sort\":1,\"superColumn\":false,\"tableId\":1,\"updateBy\":\"\",\"updateTime\":\"2026-03-09 02:50:55\",\"usableColumn\":false},{\"capJavaField\":\"Title\",\"columnComment\":\"书名\",\"columnId\":2,\"columnName\":\"title\",\"columnType\":\"varchar(255)\",\"createBy\":\"admin\",\"createTime\":\"2026-03-06 04:07:36\",\"dictType\":\"\",\"edit\":true,\"htmlType\":\"input\",\"increment\":false,\"insert\":true,\"isEdit\":\"1\",\"isIncrement\":\"0\",\"isInsert\":\"1\",\"isList\":\"1\",\"isPk\":\"0\",\"isQuery\":\"1\",\"isRequired\":\"1\",\"javaField\":\"title\",\"javaType\":\"String\",\"list\":true,\"params\":{},\"pk\":false,\"query\":true,\"queryType\":\"LIKE\",\"required\":true,\"sort\":2,\"superColumn\":false,\"tableId\":1,\"updateBy\":\"\",\"updateTime\":\"2026-03-09 02:50:55\",\"usableColumn\":false},{\"capJavaField\":\"Author\",\"columnComment\":\"作者\",\"columnId\":3,\"columnName\":\"author\",\"columnType\":\"varchar(100)\",\"createBy\":\"admin\",\"createTime\":\"2026-03-06 04:07:36\",\"dictType\":\"\",\"edit\":true,\"htmlType\":\"input\",\"increment\":false,\"insert\":true,\"isEdit\":\"1\",\"isIncrement\":\"0\",\"isInsert\":\"1\",\"isList\":\"1\",\"isPk\":\"0\",\"isQuery\":\"1\",\"isRequired\":\"0\",\"javaField\":\"author\",\"javaType\":\"String\",\"list\":true,\"params\":{},\"pk\":false,\"query\":true,\"queryType\":\"LIKE\",\"required\":false,\"sort\":3,\"superColumn\":false,\"tableId\":1,\"updateBy\":\"\",\"updateTime\":\"2026-03-09 02:50:55\",\"usableColumn\":false},{\"capJavaField\":\"Isbn\",\"columnId\":4,\"columnName\":\"isbn\",\"columnType\":\"varchar(60)\",\"createBy\":\"admin\",\"createTime\":\"2026-03-06 04:07:36\",\"dictType\":\"\",\"edit\":true,\"htmlType\":\"input\",\"increment\":false,\"insert\":true,\"isEdit\":\"1\",\"isIncrement\":\"0\",\"isInsert\":\"1','{\"msg\":\"操作成功\",\"code\":200}',0,NULL,'2026-03-09 02:52:28',96),(144,'代码生成',2,'com.ruoyi.generator.controller.GenController.editSave()','PUT',1,'admin','研发部门','/tool/gen','127.0.0.1','内网IP','{\"businessName\":\"reservation\",\"className\":\"Reservation\",\"columns\":[{\"capJavaField\":\"ResId\",\"columnId\":70,\"columnName\":\"res_id\",\"columnType\":\"bigint unsigned\",\"createBy\":\"admin\",\"createTime\":\"2026-03-06 04:09:09\",\"dictType\":\"\",\"edit\":false,\"increment\":true,\"insert\":true,\"isIncrement\":\"1\",\"isInsert\":\"1\",\"isPk\":\"1\",\"isRequired\":\"0\",\"javaField\":\"resId\",\"javaType\":\"String\",\"list\":false,\"params\":{},\"pk\":true,\"query\":false,\"queryType\":\"EQ\",\"required\":false,\"sort\":1,\"superColumn\":false,\"tableId\":6,\"updateBy\":\"\",\"usableColumn\":false},{\"capJavaField\":\"BookId\",\"columnComment\":\"图书ID\",\"columnId\":71,\"columnName\":\"book_id\",\"columnType\":\"bigint\",\"createBy\":\"admin\",\"createTime\":\"2026-03-06 04:09:09\",\"dictType\":\"\",\"edit\":true,\"htmlType\":\"input\",\"increment\":false,\"insert\":true,\"isEdit\":\"1\",\"isIncrement\":\"0\",\"isInsert\":\"1\",\"isList\":\"1\",\"isPk\":\"0\",\"isQuery\":\"1\",\"isRequired\":\"1\",\"javaField\":\"bookId\",\"javaType\":\"Long\",\"list\":true,\"params\":{},\"pk\":false,\"query\":true,\"queryType\":\"EQ\",\"required\":true,\"sort\":2,\"superColumn\":false,\"tableId\":6,\"updateBy\":\"\",\"usableColumn\":false},{\"capJavaField\":\"ReaderId\",\"columnComment\":\"读者ID\",\"columnId\":72,\"columnName\":\"reader_id\",\"columnType\":\"int\",\"createBy\":\"admin\",\"createTime\":\"2026-03-06 04:09:09\",\"dictType\":\"\",\"edit\":true,\"htmlType\":\"input\",\"increment\":false,\"insert\":true,\"isEdit\":\"1\",\"isIncrement\":\"0\",\"isInsert\":\"1\",\"isList\":\"1\",\"isPk\":\"0\",\"isQuery\":\"1\",\"isRequired\":\"1\",\"javaField\":\"readerId\",\"javaType\":\"Long\",\"list\":true,\"params\":{},\"pk\":false,\"query\":true,\"queryType\":\"EQ\",\"required\":true,\"sort\":3,\"superColumn\":false,\"tableId\":6,\"updateBy\":\"\",\"usableColumn\":false},{\"capJavaField\":\"ReservationDate\",\"columnComment\":\"预约日期\",\"columnId\":73,\"columnName\":\"reservation_date\",\"columnType\":\"datetime\",\"createBy\":\"admin\",\"createTime\":\"2026-03-06 04:09:09\",\"dictType\":\"\",\"edit\":true,\"htmlType\":\"datetime\",\"increment\":false,\"insert\":true,\"isEdit\":\"1\",\"isIncrement\":\"0\",\"isInsert\":\"1\",\"isList\":\"1\",\"isPk\":\"0\",\"isQuery\":\"1\",\"isRequired\":\"1\",\"javaField\":\"reservationDate\",\"j','{\"msg\":\"操作成功\",\"code\":200}',0,NULL,'2026-03-09 02:52:37',59),(145,'代码生成',8,'com.ruoyi.generator.controller.GenController.batchGenCode()','GET',1,'admin','研发部门','/tool/gen/batchGenCode','127.0.0.1','内网IP','{\"tables\":\"reservation,reader,borrow_record,book_copy,book_category,book\"}',NULL,0,NULL,'2026-03-09 02:52:43',1159),(146,'代码生成',2,'com.ruoyi.generator.controller.GenController.editSave()','PUT',1,'admin','研发部门','/tool/gen','127.0.0.1','内网IP','{\"businessName\":\"reservation\",\"className\":\"Reservation\",\"columns\":[{\"capJavaField\":\"ResId\",\"columnId\":70,\"columnName\":\"res_id\",\"columnType\":\"bigint unsigned\",\"createBy\":\"admin\",\"createTime\":\"2026-03-06 04:09:09\",\"dictType\":\"\",\"edit\":false,\"increment\":true,\"insert\":true,\"isIncrement\":\"1\",\"isInsert\":\"1\",\"isPk\":\"1\",\"isRequired\":\"0\",\"javaField\":\"resId\",\"javaType\":\"String\",\"list\":false,\"params\":{},\"pk\":true,\"query\":false,\"queryType\":\"EQ\",\"required\":false,\"sort\":1,\"superColumn\":false,\"tableId\":6,\"updateBy\":\"\",\"updateTime\":\"2026-03-09 02:52:37\",\"usableColumn\":false},{\"capJavaField\":\"BookId\",\"columnComment\":\"图书ID\",\"columnId\":71,\"columnName\":\"book_id\",\"columnType\":\"bigint\",\"createBy\":\"admin\",\"createTime\":\"2026-03-06 04:09:09\",\"dictType\":\"\",\"edit\":true,\"htmlType\":\"input\",\"increment\":false,\"insert\":true,\"isEdit\":\"1\",\"isIncrement\":\"0\",\"isInsert\":\"1\",\"isList\":\"1\",\"isPk\":\"0\",\"isQuery\":\"1\",\"isRequired\":\"1\",\"javaField\":\"bookId\",\"javaType\":\"Long\",\"list\":true,\"params\":{},\"pk\":false,\"query\":true,\"queryType\":\"EQ\",\"required\":true,\"sort\":2,\"superColumn\":false,\"tableId\":6,\"updateBy\":\"\",\"updateTime\":\"2026-03-09 02:52:37\",\"usableColumn\":false},{\"capJavaField\":\"ReaderId\",\"columnComment\":\"读者ID\",\"columnId\":72,\"columnName\":\"reader_id\",\"columnType\":\"int\",\"createBy\":\"admin\",\"createTime\":\"2026-03-06 04:09:09\",\"dictType\":\"\",\"edit\":true,\"htmlType\":\"input\",\"increment\":false,\"insert\":true,\"isEdit\":\"1\",\"isIncrement\":\"0\",\"isInsert\":\"1\",\"isList\":\"1\",\"isPk\":\"0\",\"isQuery\":\"1\",\"isRequired\":\"1\",\"javaField\":\"readerId\",\"javaType\":\"Long\",\"list\":true,\"params\":{},\"pk\":false,\"query\":true,\"queryType\":\"EQ\",\"required\":true,\"sort\":3,\"superColumn\":false,\"tableId\":6,\"updateBy\":\"\",\"updateTime\":\"2026-03-09 02:52:37\",\"usableColumn\":false},{\"capJavaField\":\"ReservationDate\",\"columnComment\":\"预约日期\",\"columnId\":73,\"columnName\":\"reservation_date\",\"columnType\":\"datetime\",\"createBy\":\"admin\",\"createTime\":\"2026-03-06 04:09:09\",\"dictType\":\"\",\"edit\":true,\"htmlType\":\"datetime\",\"increment\":false,\"insert\":true,\"isEdit\":\"1\",\"isIncrement\":\"','{\"msg\":\"操作成功\",\"code\":200}',0,NULL,'2026-03-09 03:02:08',59),(147,'代码生成',2,'com.ruoyi.generator.controller.GenController.editSave()','PUT',1,'admin','研发部门','/tool/gen','127.0.0.1','内网IP','{\"businessName\":\"reservation\",\"className\":\"Reservation\",\"columns\":[{\"capJavaField\":\"ResId\",\"columnId\":70,\"columnName\":\"res_id\",\"columnType\":\"bigint unsigned\",\"createBy\":\"admin\",\"createTime\":\"2026-03-06 04:09:09\",\"dictType\":\"\",\"edit\":false,\"increment\":true,\"insert\":true,\"isIncrement\":\"1\",\"isInsert\":\"1\",\"isPk\":\"1\",\"isRequired\":\"0\",\"javaField\":\"resId\",\"javaType\":\"String\",\"list\":false,\"params\":{},\"pk\":true,\"query\":false,\"queryType\":\"EQ\",\"required\":false,\"sort\":1,\"superColumn\":false,\"tableId\":6,\"updateBy\":\"\",\"updateTime\":\"2026-03-09 03:02:08\",\"usableColumn\":false},{\"capJavaField\":\"BookId\",\"columnComment\":\"图书ID\",\"columnId\":71,\"columnName\":\"book_id\",\"columnType\":\"bigint\",\"createBy\":\"admin\",\"createTime\":\"2026-03-06 04:09:09\",\"dictType\":\"\",\"edit\":true,\"htmlType\":\"input\",\"increment\":false,\"insert\":true,\"isEdit\":\"1\",\"isIncrement\":\"0\",\"isInsert\":\"1\",\"isList\":\"1\",\"isPk\":\"0\",\"isQuery\":\"1\",\"isRequired\":\"1\",\"javaField\":\"bookId\",\"javaType\":\"Long\",\"list\":true,\"params\":{},\"pk\":false,\"query\":true,\"queryType\":\"EQ\",\"required\":true,\"sort\":2,\"superColumn\":false,\"tableId\":6,\"updateBy\":\"\",\"updateTime\":\"2026-03-09 03:02:08\",\"usableColumn\":false},{\"capJavaField\":\"ReaderId\",\"columnComment\":\"读者ID\",\"columnId\":72,\"columnName\":\"reader_id\",\"columnType\":\"int\",\"createBy\":\"admin\",\"createTime\":\"2026-03-06 04:09:09\",\"dictType\":\"\",\"edit\":true,\"htmlType\":\"input\",\"increment\":false,\"insert\":true,\"isEdit\":\"1\",\"isIncrement\":\"0\",\"isInsert\":\"1\",\"isList\":\"1\",\"isPk\":\"0\",\"isQuery\":\"1\",\"isRequired\":\"1\",\"javaField\":\"readerId\",\"javaType\":\"Long\",\"list\":true,\"params\":{},\"pk\":false,\"query\":true,\"queryType\":\"EQ\",\"required\":true,\"sort\":3,\"superColumn\":false,\"tableId\":6,\"updateBy\":\"\",\"updateTime\":\"2026-03-09 03:02:08\",\"usableColumn\":false},{\"capJavaField\":\"ReservationDate\",\"columnComment\":\"预约日期\",\"columnId\":73,\"columnName\":\"reservation_date\",\"columnType\":\"datetime\",\"createBy\":\"admin\",\"createTime\":\"2026-03-06 04:09:09\",\"dictType\":\"\",\"edit\":true,\"htmlType\":\"datetime\",\"increment\":false,\"insert\":true,\"isEdit\":\"1\",\"isIncrement\":\"','{\"msg\":\"操作成功\",\"code\":200}',0,NULL,'2026-03-09 03:02:17',57),(148,'代码生成',2,'com.ruoyi.generator.controller.GenController.editSave()','PUT',1,'admin','研发部门','/tool/gen','127.0.0.1','内网IP','{\"businessName\":\"reader\",\"className\":\"Reader\",\"columns\":[{\"capJavaField\":\"ReaderId\",\"columnId\":52,\"columnName\":\"reader_id\",\"columnType\":\"bigint\",\"createBy\":\"admin\",\"createTime\":\"2026-03-06 04:08:52\",\"dictType\":\"\",\"edit\":false,\"htmlType\":\"input\",\"increment\":true,\"insert\":true,\"isIncrement\":\"1\",\"isInsert\":\"1\",\"isPk\":\"1\",\"isRequired\":\"0\",\"javaField\":\"readerId\",\"javaType\":\"Long\",\"list\":false,\"params\":{},\"pk\":true,\"query\":false,\"queryType\":\"EQ\",\"required\":false,\"sort\":1,\"superColumn\":false,\"tableId\":5,\"updateBy\":\"\",\"updateTime\":\"2026-03-09 01:54:31\",\"usableColumn\":false},{\"capJavaField\":\"ReaderNumber\",\"columnComment\":\"学号/工号\",\"columnId\":53,\"columnName\":\"reader_number\",\"columnType\":\"varchar(50)\",\"createBy\":\"admin\",\"createTime\":\"2026-03-06 04:08:52\",\"dictType\":\"\",\"edit\":true,\"htmlType\":\"input\",\"increment\":false,\"insert\":true,\"isEdit\":\"1\",\"isIncrement\":\"0\",\"isInsert\":\"1\",\"isList\":\"1\",\"isPk\":\"0\",\"isQuery\":\"1\",\"isRequired\":\"1\",\"javaField\":\"readerNumber\",\"javaType\":\"String\",\"list\":true,\"params\":{},\"pk\":false,\"query\":true,\"queryType\":\"EQ\",\"required\":true,\"sort\":2,\"superColumn\":false,\"tableId\":5,\"updateBy\":\"\",\"updateTime\":\"2026-03-09 01:54:31\",\"usableColumn\":false},{\"capJavaField\":\"Name\",\"columnComment\":\"读者姓名\",\"columnId\":54,\"columnName\":\"name\",\"columnType\":\"varchar(100)\",\"createBy\":\"admin\",\"createTime\":\"2026-03-06 04:08:52\",\"dictType\":\"\",\"edit\":true,\"htmlType\":\"input\",\"increment\":false,\"insert\":true,\"isEdit\":\"1\",\"isIncrement\":\"0\",\"isInsert\":\"1\",\"isList\":\"1\",\"isPk\":\"0\",\"isQuery\":\"1\",\"isRequired\":\"1\",\"javaField\":\"name\",\"javaType\":\"String\",\"list\":true,\"params\":{},\"pk\":false,\"query\":true,\"queryType\":\"LIKE\",\"required\":true,\"sort\":3,\"superColumn\":false,\"tableId\":5,\"updateBy\":\"\",\"updateTime\":\"2026-03-09 01:54:31\",\"usableColumn\":false},{\"capJavaField\":\"GradeMajor\",\"columnComment\":\"年级专业\",\"columnId\":55,\"columnName\":\"grade_major\",\"columnType\":\"varchar(150)\",\"createBy\":\"admin\",\"createTime\":\"2026-03-06 04:08:52\",\"dictType\":\"\",\"edit\":true,\"htmlType\":\"input\",\"increment\":false,\"insert\":true,\"isE','{\"msg\":\"操作成功\",\"code\":200}',0,NULL,'2026-03-09 03:02:26',75),(149,'代码生成',2,'com.ruoyi.generator.controller.GenController.editSave()','PUT',1,'admin','研发部门','/tool/gen','127.0.0.1','内网IP','{\"businessName\":\"record\",\"className\":\"BorrowRecord\",\"columns\":[{\"capJavaField\":\"RecordId\",\"columnComment\":\"借阅记录ID\",\"columnId\":37,\"columnName\":\"record_id\",\"columnType\":\"bigint\",\"createBy\":\"admin\",\"createTime\":\"2026-03-06 04:08:34\",\"dictType\":\"\",\"edit\":false,\"htmlType\":\"input\",\"increment\":true,\"insert\":true,\"isIncrement\":\"1\",\"isInsert\":\"1\",\"isPk\":\"1\",\"isRequired\":\"0\",\"javaField\":\"recordId\",\"javaType\":\"Long\",\"list\":false,\"params\":{},\"pk\":true,\"query\":false,\"queryType\":\"EQ\",\"required\":false,\"sort\":1,\"superColumn\":false,\"tableId\":4,\"updateBy\":\"\",\"updateTime\":\"2026-03-09 02:02:43\",\"usableColumn\":false},{\"capJavaField\":\"CopyId\",\"columnComment\":\"图书副本ID\",\"columnId\":38,\"columnName\":\"copy_id\",\"columnType\":\"bigint\",\"createBy\":\"admin\",\"createTime\":\"2026-03-06 04:08:34\",\"dictType\":\"\",\"edit\":true,\"htmlType\":\"input\",\"increment\":false,\"insert\":true,\"isEdit\":\"1\",\"isIncrement\":\"0\",\"isInsert\":\"1\",\"isList\":\"1\",\"isPk\":\"0\",\"isQuery\":\"1\",\"isRequired\":\"1\",\"javaField\":\"copyId\",\"javaType\":\"Long\",\"list\":true,\"params\":{},\"pk\":false,\"query\":true,\"queryType\":\"EQ\",\"required\":true,\"sort\":2,\"superColumn\":false,\"tableId\":4,\"updateBy\":\"\",\"updateTime\":\"2026-03-09 02:02:43\",\"usableColumn\":false},{\"capJavaField\":\"ReaderId\",\"columnComment\":\"读者ID\",\"columnId\":39,\"columnName\":\"reader_id\",\"columnType\":\"bigint\",\"createBy\":\"admin\",\"createTime\":\"2026-03-06 04:08:34\",\"dictType\":\"\",\"edit\":true,\"htmlType\":\"input\",\"increment\":false,\"insert\":true,\"isEdit\":\"1\",\"isIncrement\":\"0\",\"isInsert\":\"1\",\"isList\":\"1\",\"isPk\":\"0\",\"isQuery\":\"1\",\"isRequired\":\"1\",\"javaField\":\"readerId\",\"javaType\":\"Long\",\"list\":true,\"params\":{},\"pk\":false,\"query\":true,\"queryType\":\"EQ\",\"required\":true,\"sort\":3,\"superColumn\":false,\"tableId\":4,\"updateBy\":\"\",\"updateTime\":\"2026-03-09 02:02:43\",\"usableColumn\":false},{\"capJavaField\":\"BorrowDate\",\"columnComment\":\"借阅日期\",\"columnId\":40,\"columnName\":\"borrow_date\",\"columnType\":\"datetime\",\"createBy\":\"admin\",\"createTime\":\"2026-03-06 04:08:34\",\"dictType\":\"\",\"edit\":true,\"htmlType\":\"datetime\",\"increment\":false,\"insert\":','{\"msg\":\"操作成功\",\"code\":200}',0,NULL,'2026-03-09 03:02:38',75),(150,'菜单管理',1,'com.ruoyi.web.controller.system.SysMenuController.add()','POST',1,'admin','研发部门','/system/menu','127.0.0.1','内网IP','{\"children\":[],\"createBy\":\"admin\",\"icon\":\"education\",\"isCache\":\"0\",\"isFrame\":\"1\",\"menuName\":\"book\",\"menuType\":\"M\",\"orderNum\":5,\"params\":{},\"parentId\":0,\"path\":\"/book\",\"status\":\"0\",\"visible\":\"0\"} ','{\"msg\":\"操作成功\",\"code\":200}',0,NULL,'2026-03-09 03:03:43',38),(151,'菜单管理',2,'com.ruoyi.web.controller.system.SysMenuController.edit()','PUT',1,'admin','研发部门','/system/menu','127.0.0.1','内网IP','{\"children\":[],\"createTime\":\"2026-03-09 03:03:43\",\"icon\":\"education\",\"isCache\":\"0\",\"isFrame\":\"1\",\"menuId\":2000,\"menuName\":\"图书管理\",\"menuType\":\"M\",\"orderNum\":5,\"params\":{},\"parentId\":0,\"path\":\"book\",\"perms\":\"\",\"routeName\":\"\",\"status\":\"0\",\"updateBy\":\"admin\",\"visible\":\"0\"} ','{\"msg\":\"操作成功\",\"code\":200}',0,NULL,'2026-03-09 03:04:09',24),(152,'代码生成',2,'com.ruoyi.generator.controller.GenController.editSave()','PUT',1,'admin','研发部门','/tool/gen','127.0.0.1','内网IP','{\"businessName\":\"reservation\",\"className\":\"Reservation\",\"columns\":[{\"capJavaField\":\"ResId\",\"columnId\":70,\"columnName\":\"res_id\",\"columnType\":\"bigint unsigned\",\"createBy\":\"admin\",\"createTime\":\"2026-03-06 04:09:09\",\"dictType\":\"\",\"edit\":false,\"increment\":true,\"insert\":true,\"isIncrement\":\"1\",\"isInsert\":\"1\",\"isPk\":\"1\",\"isRequired\":\"0\",\"javaField\":\"resId\",\"javaType\":\"String\",\"list\":false,\"params\":{},\"pk\":true,\"query\":false,\"queryType\":\"EQ\",\"required\":false,\"sort\":1,\"superColumn\":false,\"tableId\":6,\"updateBy\":\"\",\"updateTime\":\"2026-03-09 03:02:17\",\"usableColumn\":false},{\"capJavaField\":\"BookId\",\"columnComment\":\"图书ID\",\"columnId\":71,\"columnName\":\"book_id\",\"columnType\":\"bigint\",\"createBy\":\"admin\",\"createTime\":\"2026-03-06 04:09:09\",\"dictType\":\"\",\"edit\":true,\"htmlType\":\"input\",\"increment\":false,\"insert\":true,\"isEdit\":\"1\",\"isIncrement\":\"0\",\"isInsert\":\"1\",\"isList\":\"1\",\"isPk\":\"0\",\"isQuery\":\"1\",\"isRequired\":\"1\",\"javaField\":\"bookId\",\"javaType\":\"Long\",\"list\":true,\"params\":{},\"pk\":false,\"query\":true,\"queryType\":\"EQ\",\"required\":true,\"sort\":2,\"superColumn\":false,\"tableId\":6,\"updateBy\":\"\",\"updateTime\":\"2026-03-09 03:02:17\",\"usableColumn\":false},{\"capJavaField\":\"ReaderId\",\"columnComment\":\"读者ID\",\"columnId\":72,\"columnName\":\"reader_id\",\"columnType\":\"int\",\"createBy\":\"admin\",\"createTime\":\"2026-03-06 04:09:09\",\"dictType\":\"\",\"edit\":true,\"htmlType\":\"input\",\"increment\":false,\"insert\":true,\"isEdit\":\"1\",\"isIncrement\":\"0\",\"isInsert\":\"1\",\"isList\":\"1\",\"isPk\":\"0\",\"isQuery\":\"1\",\"isRequired\":\"1\",\"javaField\":\"readerId\",\"javaType\":\"Long\",\"list\":true,\"params\":{},\"pk\":false,\"query\":true,\"queryType\":\"EQ\",\"required\":true,\"sort\":3,\"superColumn\":false,\"tableId\":6,\"updateBy\":\"\",\"updateTime\":\"2026-03-09 03:02:17\",\"usableColumn\":false},{\"capJavaField\":\"ReservationDate\",\"columnComment\":\"预约日期\",\"columnId\":73,\"columnName\":\"reservation_date\",\"columnType\":\"datetime\",\"createBy\":\"admin\",\"createTime\":\"2026-03-06 04:09:09\",\"dictType\":\"\",\"edit\":true,\"htmlType\":\"datetime\",\"increment\":false,\"insert\":true,\"isEdit\":\"1\",\"isIncrement\":\"','{\"msg\":\"操作成功\",\"code\":200}',0,NULL,'2026-03-09 03:04:26',59),(153,'代码生成',2,'com.ruoyi.generator.controller.GenController.editSave()','PUT',1,'admin','研发部门','/tool/gen','127.0.0.1','内网IP','{\"businessName\":\"reader\",\"className\":\"Reader\",\"columns\":[{\"capJavaField\":\"ReaderId\",\"columnId\":52,\"columnName\":\"reader_id\",\"columnType\":\"bigint\",\"createBy\":\"admin\",\"createTime\":\"2026-03-06 04:08:52\",\"dictType\":\"\",\"edit\":false,\"htmlType\":\"input\",\"increment\":true,\"insert\":true,\"isIncrement\":\"1\",\"isInsert\":\"1\",\"isPk\":\"1\",\"isRequired\":\"0\",\"javaField\":\"readerId\",\"javaType\":\"Long\",\"list\":false,\"params\":{},\"pk\":true,\"query\":false,\"queryType\":\"EQ\",\"required\":false,\"sort\":1,\"superColumn\":false,\"tableId\":5,\"updateBy\":\"\",\"updateTime\":\"2026-03-09 03:02:26\",\"usableColumn\":false},{\"capJavaField\":\"ReaderNumber\",\"columnComment\":\"学号/工号\",\"columnId\":53,\"columnName\":\"reader_number\",\"columnType\":\"varchar(50)\",\"createBy\":\"admin\",\"createTime\":\"2026-03-06 04:08:52\",\"dictType\":\"\",\"edit\":true,\"htmlType\":\"input\",\"increment\":false,\"insert\":true,\"isEdit\":\"1\",\"isIncrement\":\"0\",\"isInsert\":\"1\",\"isList\":\"1\",\"isPk\":\"0\",\"isQuery\":\"1\",\"isRequired\":\"1\",\"javaField\":\"readerNumber\",\"javaType\":\"String\",\"list\":true,\"params\":{},\"pk\":false,\"query\":true,\"queryType\":\"EQ\",\"required\":true,\"sort\":2,\"superColumn\":false,\"tableId\":5,\"updateBy\":\"\",\"updateTime\":\"2026-03-09 03:02:26\",\"usableColumn\":false},{\"capJavaField\":\"Name\",\"columnComment\":\"读者姓名\",\"columnId\":54,\"columnName\":\"name\",\"columnType\":\"varchar(100)\",\"createBy\":\"admin\",\"createTime\":\"2026-03-06 04:08:52\",\"dictType\":\"\",\"edit\":true,\"htmlType\":\"input\",\"increment\":false,\"insert\":true,\"isEdit\":\"1\",\"isIncrement\":\"0\",\"isInsert\":\"1\",\"isList\":\"1\",\"isPk\":\"0\",\"isQuery\":\"1\",\"isRequired\":\"1\",\"javaField\":\"name\",\"javaType\":\"String\",\"list\":true,\"params\":{},\"pk\":false,\"query\":true,\"queryType\":\"LIKE\",\"required\":true,\"sort\":3,\"superColumn\":false,\"tableId\":5,\"updateBy\":\"\",\"updateTime\":\"2026-03-09 03:02:26\",\"usableColumn\":false},{\"capJavaField\":\"GradeMajor\",\"columnComment\":\"年级专业\",\"columnId\":55,\"columnName\":\"grade_major\",\"columnType\":\"varchar(150)\",\"createBy\":\"admin\",\"createTime\":\"2026-03-06 04:08:52\",\"dictType\":\"\",\"edit\":true,\"htmlType\":\"input\",\"increment\":false,\"insert\":true,\"isE','{\"msg\":\"操作成功\",\"code\":200}',0,NULL,'2026-03-09 03:04:35',87),(154,'代码生成',2,'com.ruoyi.generator.controller.GenController.editSave()','PUT',1,'admin','研发部门','/tool/gen','127.0.0.1','内网IP','{\"businessName\":\"record\",\"className\":\"BorrowRecord\",\"columns\":[{\"capJavaField\":\"RecordId\",\"columnComment\":\"借阅记录ID\",\"columnId\":37,\"columnName\":\"record_id\",\"columnType\":\"bigint\",\"createBy\":\"admin\",\"createTime\":\"2026-03-06 04:08:34\",\"dictType\":\"\",\"edit\":false,\"htmlType\":\"input\",\"increment\":true,\"insert\":true,\"isIncrement\":\"1\",\"isInsert\":\"1\",\"isPk\":\"1\",\"isRequired\":\"0\",\"javaField\":\"recordId\",\"javaType\":\"Long\",\"list\":false,\"params\":{},\"pk\":true,\"query\":false,\"queryType\":\"EQ\",\"required\":false,\"sort\":1,\"superColumn\":false,\"tableId\":4,\"updateBy\":\"\",\"updateTime\":\"2026-03-09 03:02:38\",\"usableColumn\":false},{\"capJavaField\":\"CopyId\",\"columnComment\":\"图书副本ID\",\"columnId\":38,\"columnName\":\"copy_id\",\"columnType\":\"bigint\",\"createBy\":\"admin\",\"createTime\":\"2026-03-06 04:08:34\",\"dictType\":\"\",\"edit\":true,\"htmlType\":\"input\",\"increment\":false,\"insert\":true,\"isEdit\":\"1\",\"isIncrement\":\"0\",\"isInsert\":\"1\",\"isList\":\"1\",\"isPk\":\"0\",\"isQuery\":\"1\",\"isRequired\":\"1\",\"javaField\":\"copyId\",\"javaType\":\"Long\",\"list\":true,\"params\":{},\"pk\":false,\"query\":true,\"queryType\":\"EQ\",\"required\":true,\"sort\":2,\"superColumn\":false,\"tableId\":4,\"updateBy\":\"\",\"updateTime\":\"2026-03-09 03:02:38\",\"usableColumn\":false},{\"capJavaField\":\"ReaderId\",\"columnComment\":\"读者ID\",\"columnId\":39,\"columnName\":\"reader_id\",\"columnType\":\"bigint\",\"createBy\":\"admin\",\"createTime\":\"2026-03-06 04:08:34\",\"dictType\":\"\",\"edit\":true,\"htmlType\":\"input\",\"increment\":false,\"insert\":true,\"isEdit\":\"1\",\"isIncrement\":\"0\",\"isInsert\":\"1\",\"isList\":\"1\",\"isPk\":\"0\",\"isQuery\":\"1\",\"isRequired\":\"1\",\"javaField\":\"readerId\",\"javaType\":\"Long\",\"list\":true,\"params\":{},\"pk\":false,\"query\":true,\"queryType\":\"EQ\",\"required\":true,\"sort\":3,\"superColumn\":false,\"tableId\":4,\"updateBy\":\"\",\"updateTime\":\"2026-03-09 03:02:38\",\"usableColumn\":false},{\"capJavaField\":\"BorrowDate\",\"columnComment\":\"借阅日期\",\"columnId\":40,\"columnName\":\"borrow_date\",\"columnType\":\"datetime\",\"createBy\":\"admin\",\"createTime\":\"2026-03-06 04:08:34\",\"dictType\":\"\",\"edit\":true,\"htmlType\":\"datetime\",\"increment\":false,\"insert\":','{\"msg\":\"操作成功\",\"code\":200}',0,NULL,'2026-03-09 03:04:45',66),(155,'代码生成',2,'com.ruoyi.generator.controller.GenController.editSave()','PUT',1,'admin','研发部门','/tool/gen','127.0.0.1','内网IP','{\"businessName\":\"copy\",\"className\":\"BookCopy\",\"columns\":[{\"capJavaField\":\"CopyId\",\"columnComment\":\"副本ID\",\"columnId\":30,\"columnName\":\"copy_id\",\"columnType\":\"bigint\",\"createBy\":\"admin\",\"createTime\":\"2026-03-06 04:08:16\",\"dictType\":\"\",\"edit\":false,\"htmlType\":\"input\",\"increment\":true,\"insert\":false,\"isIncrement\":\"1\",\"isInsert\":\"0\",\"isPk\":\"1\",\"isRequired\":\"0\",\"javaField\":\"copyId\",\"javaType\":\"Long\",\"list\":false,\"params\":{},\"pk\":true,\"query\":false,\"queryType\":\"EQ\",\"required\":false,\"sort\":1,\"superColumn\":false,\"tableId\":3,\"updateBy\":\"\",\"updateTime\":\"2026-03-09 02:13:15\",\"usableColumn\":false},{\"capJavaField\":\"BookId\",\"columnComment\":\"图书ID\",\"columnId\":31,\"columnName\":\"book_id\",\"columnType\":\"bigint\",\"createBy\":\"admin\",\"createTime\":\"2026-03-06 04:08:16\",\"dictType\":\"\",\"edit\":true,\"htmlType\":\"input\",\"increment\":false,\"insert\":true,\"isEdit\":\"1\",\"isIncrement\":\"0\",\"isInsert\":\"1\",\"isList\":\"1\",\"isPk\":\"0\",\"isQuery\":\"1\",\"isRequired\":\"1\",\"javaField\":\"bookId\",\"javaType\":\"Long\",\"list\":true,\"params\":{},\"pk\":false,\"query\":true,\"queryType\":\"EQ\",\"required\":true,\"sort\":2,\"superColumn\":false,\"tableId\":3,\"updateBy\":\"\",\"updateTime\":\"2026-03-09 02:13:15\",\"usableColumn\":false},{\"capJavaField\":\"Barcode\",\"columnComment\":\"条形码\",\"columnId\":32,\"columnName\":\"barcode\",\"columnType\":\"varchar(255)\",\"createBy\":\"admin\",\"createTime\":\"2026-03-06 04:08:16\",\"dictType\":\"\",\"edit\":true,\"htmlType\":\"input\",\"increment\":false,\"insert\":true,\"isEdit\":\"1\",\"isIncrement\":\"0\",\"isInsert\":\"1\",\"isList\":\"1\",\"isPk\":\"0\",\"isQuery\":\"1\",\"isRequired\":\"1\",\"javaField\":\"barcode\",\"javaType\":\"String\",\"list\":true,\"params\":{},\"pk\":false,\"query\":true,\"queryType\":\"EQ\",\"required\":true,\"sort\":3,\"superColumn\":false,\"tableId\":3,\"updateBy\":\"\",\"updateTime\":\"2026-03-09 02:13:15\",\"usableColumn\":false},{\"capJavaField\":\"Location\",\"columnComment\":\"存放位置\",\"columnId\":33,\"columnName\":\"location\",\"columnType\":\"varchar(255)\",\"createBy\":\"admin\",\"createTime\":\"2026-03-06 04:08:16\",\"dictType\":\"\",\"edit\":true,\"htmlType\":\"input\",\"increment\":false,\"insert\":true,\"isEdit\":\"1','{\"msg\":\"操作成功\",\"code\":200}',0,NULL,'2026-03-09 03:05:13',43),(156,'代码生成',2,'com.ruoyi.generator.controller.GenController.editSave()','PUT',1,'admin','研发部门','/tool/gen','127.0.0.1','内网IP','{\"businessName\":\"category\",\"className\":\"BookCategory\",\"columns\":[{\"capJavaField\":\"CategoryId\",\"columnComment\":\"图书分类ID\",\"columnId\":22,\"columnName\":\"category_id\",\"columnType\":\"bigint\",\"createBy\":\"admin\",\"createTime\":\"2026-03-06 04:07:58\",\"dictType\":\"\",\"edit\":false,\"htmlType\":\"input\",\"increment\":true,\"insert\":false,\"isIncrement\":\"1\",\"isInsert\":\"0\",\"isPk\":\"1\",\"isRequired\":\"0\",\"javaField\":\"categoryId\",\"javaType\":\"Long\",\"list\":false,\"params\":{},\"pk\":true,\"query\":false,\"queryType\":\"EQ\",\"required\":false,\"sort\":1,\"superColumn\":false,\"tableId\":2,\"updateBy\":\"\",\"updateTime\":\"2026-03-09 02:16:18\",\"usableColumn\":false},{\"capJavaField\":\"CategoryName\",\"columnComment\":\"图书分类名称\",\"columnId\":23,\"columnName\":\"category_name\",\"columnType\":\"varchar(100)\",\"createBy\":\"admin\",\"createTime\":\"2026-03-06 04:07:58\",\"dictType\":\"\",\"edit\":true,\"htmlType\":\"input\",\"increment\":false,\"insert\":true,\"isEdit\":\"1\",\"isIncrement\":\"0\",\"isInsert\":\"1\",\"isList\":\"1\",\"isPk\":\"0\",\"isQuery\":\"1\",\"isRequired\":\"1\",\"javaField\":\"categoryName\",\"javaType\":\"String\",\"list\":true,\"params\":{},\"pk\":false,\"query\":true,\"queryType\":\"LIKE\",\"required\":true,\"sort\":2,\"superColumn\":false,\"tableId\":2,\"updateBy\":\"\",\"updateTime\":\"2026-03-09 02:16:18\",\"usableColumn\":false},{\"capJavaField\":\"Status\",\"columnComment\":\"分类状态：1=启用，0=禁用\",\"columnId\":24,\"columnName\":\"status\",\"columnType\":\"tinyint\",\"createBy\":\"admin\",\"createTime\":\"2026-03-06 04:07:58\",\"dictType\":\"category_status\",\"edit\":true,\"htmlType\":\"radio\",\"increment\":false,\"insert\":true,\"isEdit\":\"1\",\"isIncrement\":\"0\",\"isInsert\":\"1\",\"isList\":\"1\",\"isPk\":\"0\",\"isQuery\":\"1\",\"isRequired\":\"0\",\"javaField\":\"status\",\"javaType\":\"Long\",\"list\":true,\"params\":{},\"pk\":false,\"query\":true,\"queryType\":\"EQ\",\"required\":false,\"sort\":3,\"superColumn\":false,\"tableId\":2,\"updateBy\":\"\",\"updateTime\":\"2026-03-09 02:16:18\",\"usableColumn\":false},{\"capJavaField\":\"CreatedTime\",\"columnComment\":\"创建时间\",\"columnId\":25,\"columnName\":\"created_time\",\"columnType\":\"datetime\",\"createBy\":\"admin\",\"createTime\":\"2026-03-06 04:07:58\",\"dictType\":\"\",\"e','{\"msg\":\"操作成功\",\"code\":200}',0,NULL,'2026-03-09 03:05:26',60),(157,'代码生成',2,'com.ruoyi.generator.controller.GenController.editSave()','PUT',1,'admin','研发部门','/tool/gen','127.0.0.1','内网IP','{\"businessName\":\"book\",\"className\":\"Book\",\"columns\":[{\"capJavaField\":\"BookId\",\"columnComment\":\"图书的唯一标识符\",\"columnId\":1,\"columnName\":\"book_id\",\"columnType\":\"bigint\",\"createBy\":\"admin\",\"createTime\":\"2026-03-06 04:07:36\",\"dictType\":\"\",\"edit\":false,\"htmlType\":\"input\",\"increment\":true,\"insert\":false,\"isIncrement\":\"1\",\"isInsert\":\"0\",\"isPk\":\"1\",\"isRequired\":\"0\",\"javaField\":\"bookId\",\"javaType\":\"Long\",\"list\":false,\"params\":{},\"pk\":true,\"query\":false,\"queryType\":\"EQ\",\"required\":false,\"sort\":1,\"superColumn\":false,\"tableId\":1,\"updateBy\":\"\",\"updateTime\":\"2026-03-09 02:52:28\",\"usableColumn\":false},{\"capJavaField\":\"Title\",\"columnComment\":\"书名\",\"columnId\":2,\"columnName\":\"title\",\"columnType\":\"varchar(255)\",\"createBy\":\"admin\",\"createTime\":\"2026-03-06 04:07:36\",\"dictType\":\"\",\"edit\":true,\"htmlType\":\"input\",\"increment\":false,\"insert\":true,\"isEdit\":\"1\",\"isIncrement\":\"0\",\"isInsert\":\"1\",\"isList\":\"1\",\"isPk\":\"0\",\"isQuery\":\"1\",\"isRequired\":\"1\",\"javaField\":\"title\",\"javaType\":\"String\",\"list\":true,\"params\":{},\"pk\":false,\"query\":true,\"queryType\":\"LIKE\",\"required\":true,\"sort\":2,\"superColumn\":false,\"tableId\":1,\"updateBy\":\"\",\"updateTime\":\"2026-03-09 02:52:28\",\"usableColumn\":false},{\"capJavaField\":\"Author\",\"columnComment\":\"作者\",\"columnId\":3,\"columnName\":\"author\",\"columnType\":\"varchar(100)\",\"createBy\":\"admin\",\"createTime\":\"2026-03-06 04:07:36\",\"dictType\":\"\",\"edit\":true,\"htmlType\":\"input\",\"increment\":false,\"insert\":true,\"isEdit\":\"1\",\"isIncrement\":\"0\",\"isInsert\":\"1\",\"isList\":\"1\",\"isPk\":\"0\",\"isQuery\":\"1\",\"isRequired\":\"0\",\"javaField\":\"author\",\"javaType\":\"String\",\"list\":true,\"params\":{},\"pk\":false,\"query\":true,\"queryType\":\"LIKE\",\"required\":false,\"sort\":3,\"superColumn\":false,\"tableId\":1,\"updateBy\":\"\",\"updateTime\":\"2026-03-09 02:52:28\",\"usableColumn\":false},{\"capJavaField\":\"Isbn\",\"columnId\":4,\"columnName\":\"isbn\",\"columnType\":\"varchar(60)\",\"createBy\":\"admin\",\"createTime\":\"2026-03-06 04:07:36\",\"dictType\":\"\",\"edit\":true,\"htmlType\":\"input\",\"increment\":false,\"insert\":true,\"isEdit\":\"1\",\"isIncrement\":\"0\",\"isInsert\":\"1','{\"msg\":\"操作成功\",\"code\":200}',0,NULL,'2026-03-09 03:05:42',87),(158,'代码生成',8,'com.ruoyi.generator.controller.GenController.batchGenCode()','GET',1,'admin','研发部门','/tool/gen/batchGenCode','127.0.0.1','内网IP','{\"tables\":\"reservation,reader,borrow_record,book_copy,book_category,book\"}',NULL,0,NULL,'2026-03-09 03:05:47',830),(159,'用户管理',1,'com.ruoyi.web.controller.system.SysUserController.add()','POST',1,'admin','研发部门','/system/user','127.0.0.1','内网IP','{\"admin\":false,\"createBy\":\"admin\",\"deptId\":104,\"nickName\":\"张三\",\"params\":{},\"postIds\":[4],\"roleIds\":[2],\"sex\":\"0\",\"status\":\"0\",\"userId\":100,\"userName\":\"zhangsan\"} ','{\"msg\":\"操作成功\",\"code\":200}',0,NULL,'2026-03-10 09:24:30',127),(160,'用户管理',2,'com.ruoyi.web.controller.system.SysUserController.changeStatus()','PUT',1,'admin','研发部门','/system/user/changeStatus','127.0.0.1','内网IP','{\"admin\":false,\"params\":{},\"status\":\"1\",\"updateBy\":\"admin\",\"userId\":100} ','{\"msg\":\"操作成功\",\"code\":200}',0,NULL,'2026-03-10 09:24:34',11),(161,'用户管理',2,'com.ruoyi.web.controller.system.SysUserController.changeStatus()','PUT',1,'admin','研发部门','/system/user/changeStatus','127.0.0.1','内网IP','{\"admin\":false,\"params\":{},\"status\":\"0\",\"updateBy\":\"admin\",\"userId\":100} ','{\"msg\":\"操作成功\",\"code\":200}',0,NULL,'2026-03-10 09:24:36',14),(162,'字典类型',9,'com.ruoyi.web.controller.system.SysDictTypeController.refreshCache()','DELETE',1,'admin','研发部门','/system/dict/type/refreshCache','127.0.0.1','内网IP','','{\"msg\":\"操作成功\",\"code\":200}',0,NULL,'2026-03-10 09:46:45',32),(163,'字典类型',1,'com.ruoyi.web.controller.system.SysDictTypeController.add()','POST',1,'admin','研发部门','/system/dict/type','127.0.0.1','内网IP','{\"createBy\":\"admin\",\"dictName\":\"读者状态\",\"dictType\":\"reader_status\",\"params\":{},\"status\":\"0\"} ','{\"msg\":\"操作成功\",\"code\":200}',0,NULL,'2026-03-10 09:47:20',23),(164,'图书管理',2,'com.ruoyi.book.controller.BookController.update()','PUT',1,'admin','研发部门','/api/admin/book/','127.0.0.1','内网IP','{\"author\":\"豆豆\",\"availableCopies\":7,\"bookId\":146,\"categoryId\":10,\"coverUrl\":\"/profile/upload/2026/04/01/1_20260401103936A001.png\",\"description\":\"都市权谋小说极具魅力，央视同名热播剧原著。\",\"isbn\":\"9787540213657\",\"language\":\"中文\",\"location\":\"B区1排3架\",\"publicationYear\":2005,\"publisher\":\"作家出版社\",\"status\":1,\"title\":\"遥远的救世主\",\"totalCopies\":8} ','{\"code\":200,\"message\":\"success\"}',0,NULL,'2026-04-01 02:39:50',31),(165,'图书管理',2,'com.ruoyi.book.controller.BookController.update()','PUT',1,'admin','研发部门','/api/admin/book/','127.0.0.1','内网IP','{\"author\":\"豆豆\",\"availableCopies\":7,\"bookId\":146,\"categoryId\":10,\"coverUrl\":\"/profile/upload/2026/04/01/1_20260401103936A001.png,/profile/upload/2026/04/01/2_20260401163516A002.png\",\"description\":\"都市权谋小说极具魅力，央视同名热播剧原著。\",\"isbn\":\"9787540213657\",\"language\":\"中文\",\"location\":\"B区1排3架\",\"publicationYear\":2005,\"publisher\":\"作家出版社\",\"status\":1,\"title\":\"遥远的救世主\",\"totalCopies\":8} ','{\"code\":200,\"message\":\"success\"}',0,NULL,'2026-04-01 08:35:18',19);
/*!40000 ALTER TABLE `sys_oper_log` ENABLE KEYS */;
UNLOCK TABLES;

--
-- Table structure for table `sys_post`
--

DROP TABLE IF EXISTS `sys_post`;
/*!40101 SET @saved_cs_client     = @@character_set_client */;
/*!50503 SET character_set_client = utf8mb4 */;
CREATE TABLE `sys_post` (
  `post_id` bigint NOT NULL AUTO_INCREMENT COMMENT '岗位ID',
  `post_code` varchar(64) NOT NULL COMMENT '岗位编码',
  `post_name` varchar(50) NOT NULL COMMENT '岗位名称',
  `post_sort` int NOT NULL COMMENT '显示顺序',
  `status` char(1) NOT NULL COMMENT '状态（0正常 1停用）',
  `create_by` varchar(64) DEFAULT '' COMMENT '创建者',
  `create_time` datetime DEFAULT NULL COMMENT '创建时间',
  `update_by` varchar(64) DEFAULT '' COMMENT '更新者',
  `update_time` datetime DEFAULT NULL COMMENT '更新时间',
  `remark` varchar(500) DEFAULT NULL COMMENT '备注',
  PRIMARY KEY (`post_id`)
) ENGINE=InnoDB AUTO_INCREMENT=5 DEFAULT CHARSET=utf8mb4 COLLATE=utf8mb4_0900_ai_ci COMMENT='岗位信息表';
/*!40101 SET character_set_client = @saved_cs_client */;

--
-- Dumping data for table `sys_post`
--

LOCK TABLES `sys_post` WRITE;
/*!40000 ALTER TABLE `sys_post` DISABLE KEYS */;
INSERT INTO `sys_post` VALUES (1,'ceo','董事长',1,'0','admin','2026-03-06 01:54:37','',NULL,''),(2,'se','项目经理',2,'0','admin','2026-03-06 01:54:37','',NULL,''),(3,'hr','人力资源',3,'0','admin','2026-03-06 01:54:37','',NULL,''),(4,'user','普通员工',4,'0','admin','2026-03-06 01:54:37','',NULL,'');
/*!40000 ALTER TABLE `sys_post` ENABLE KEYS */;
UNLOCK TABLES;

--
-- Table structure for table `sys_role`
--

DROP TABLE IF EXISTS `sys_role`;
/*!40101 SET @saved_cs_client     = @@character_set_client */;
/*!50503 SET character_set_client = utf8mb4 */;
CREATE TABLE `sys_role` (
  `role_id` bigint NOT NULL AUTO_INCREMENT COMMENT '角色ID',
  `role_name` varchar(30) NOT NULL COMMENT '角色名称',
  `role_key` varchar(100) NOT NULL COMMENT '角色权限字符串',
  `role_sort` int NOT NULL COMMENT '显示顺序',
  `data_scope` char(1) DEFAULT '1' COMMENT '数据范围（1：全部数据权限 2：自定数据权限 3：本部门数据权限 4：本部门及以下数据权限）',
  `menu_check_strictly` tinyint(1) DEFAULT '1' COMMENT '菜单树选择项是否关联显示',
  `dept_check_strictly` tinyint(1) DEFAULT '1' COMMENT '部门树选择项是否关联显示',
  `status` char(1) NOT NULL COMMENT '角色状态（0正常 1停用）',
  `del_flag` char(1) DEFAULT '0' COMMENT '删除标志（0代表存在 2代表删除）',
  `create_by` varchar(64) DEFAULT '' COMMENT '创建者',
  `create_time` datetime DEFAULT NULL COMMENT '创建时间',
  `update_by` varchar(64) DEFAULT '' COMMENT '更新者',
  `update_time` datetime DEFAULT NULL COMMENT '更新时间',
  `remark` varchar(500) DEFAULT NULL COMMENT '备注',
  PRIMARY KEY (`role_id`)
) ENGINE=InnoDB AUTO_INCREMENT=100 DEFAULT CHARSET=utf8mb4 COLLATE=utf8mb4_0900_ai_ci COMMENT='角色信息表';
/*!40101 SET character_set_client = @saved_cs_client */;

--
-- Dumping data for table `sys_role`
--

LOCK TABLES `sys_role` WRITE;
/*!40000 ALTER TABLE `sys_role` DISABLE KEYS */;
INSERT INTO `sys_role` VALUES (1,'超级管理员','admin',1,'1',1,1,'0','0','admin','2026-03-06 01:54:37','',NULL,'超级管理员'),(2,'普通角色','common',2,'2',1,1,'0','0','admin','2026-03-06 01:54:37','',NULL,'普通角色'),(4,'票据审核员','reviewer',4,'1',1,1,'0','0','admin','2026-03-06 01:54:37','',NULL,'票据审核员'),(5,'系统管理员','admin_user',5,'1',1,1,'0','0','admin','2026-03-06 01:54:37','',NULL,'系统管理员 — 管理用户与类别');
/*!40000 ALTER TABLE `sys_role` ENABLE KEYS */;
UNLOCK TABLES;

--
-- Table structure for table `sys_role_dept`
--

DROP TABLE IF EXISTS `sys_role_dept`;
/*!40101 SET @saved_cs_client     = @@character_set_client */;
/*!50503 SET character_set_client = utf8mb4 */;
CREATE TABLE `sys_role_dept` (
  `role_id` bigint NOT NULL COMMENT '角色ID',
  `dept_id` bigint NOT NULL COMMENT '部门ID',
  PRIMARY KEY (`role_id`,`dept_id`)
) ENGINE=InnoDB DEFAULT CHARSET=utf8mb4 COLLATE=utf8mb4_0900_ai_ci COMMENT='角色和部门关联表';
/*!40101 SET character_set_client = @saved_cs_client */;

--
-- Dumping data for table `sys_role_dept`
--

LOCK TABLES `sys_role_dept` WRITE;
/*!40000 ALTER TABLE `sys_role_dept` DISABLE KEYS */;
INSERT INTO `sys_role_dept` VALUES (2,100),(2,101),(2,105);
/*!40000 ALTER TABLE `sys_role_dept` ENABLE KEYS */;
UNLOCK TABLES;

--
-- Table structure for table `sys_role_menu`
--

DROP TABLE IF EXISTS `sys_role_menu`;
/*!40101 SET @saved_cs_client     = @@character_set_client */;
/*!50503 SET character_set_client = utf8mb4 */;
CREATE TABLE `sys_role_menu` (
  `role_id` bigint NOT NULL COMMENT '角色ID',
  `menu_id` bigint NOT NULL COMMENT '菜单ID',
  PRIMARY KEY (`role_id`,`menu_id`)
) ENGINE=InnoDB DEFAULT CHARSET=utf8mb4 COLLATE=utf8mb4_0900_ai_ci COMMENT='角色和菜单关联表';
/*!40101 SET character_set_client = @saved_cs_client */;

--
-- Dumping data for table `sys_role_menu`
--

LOCK TABLES `sys_role_menu` WRITE;
/*!40000 ALTER TABLE `sys_role_menu` DISABLE KEYS */;
INSERT INTO `sys_role_menu` VALUES (2,1),(2,2),(2,3),(2,100),(2,101),(2,102),(2,103),(2,104),(2,105),(2,106),(2,107),(2,108),(2,109),(2,110),(2,111),(2,112),(2,113),(2,114),(2,115),(2,116),(2,117),(2,500),(2,501),(2,1000),(2,1001),(2,1002),(2,1003),(2,1004),(2,1005),(2,1006),(2,1007),(2,1008),(2,1009),(2,1010),(2,1011),(2,1012),(2,1013),(2,1014),(2,1015),(2,1016),(2,1017),(2,1018),(2,1019),(2,1020),(2,1021),(2,1022),(2,1023),(2,1024),(2,1025),(2,1026),(2,1027),(2,1028),(2,1029),(2,1030),(2,1031),(2,1032),(2,1033),(2,1034),(2,1035),(2,1036),(2,1037),(2,1038),(2,1039),(2,1040),(2,1041),(2,1042),(2,1043),(2,1044),(2,1045),(2,1046),(2,1047),(2,1048),(2,1049),(2,1050),(2,1051),(2,1052),(2,1053),(2,1054),(2,1055),(2,1056),(2,1057),(2,1058),(2,1059),(2,1060),(2,2000),(2,2001),(2,2002),(2,2003),(2,2004),(2,2005),(2,2006),(2,2007),(2,2008),(2,2009),(2,2010),(2,2011),(2,2012),(2,2013),(2,2014),(2,2015),(2,2016),(2,2017),(2,2018),(2,2019),(2,2020),(2,2021),(2,2022),(2,2023),(2,2024),(2,2025),(2,2026),(2,2027),(2,2028),(2,2029),(2,2030),(2,2031),(2,2032),(2,2033),(2,2034),(2,2035),(2,2036),(4,3000),(4,3012),(4,3002),(4,3006),(4,3003),(4,3008),(5,3014),(5,3015),(5,3016),(5,3017),(5,1000),(5,1002),(5,1003),(5,1006),(5,3018),(5,3008),(5,3009),(5,3010),(5,3011);
/*!40000 ALTER TABLE `sys_role_menu` ENABLE KEYS */;
UNLOCK TABLES;

--
-- Table structure for table `sys_user`
--

DROP TABLE IF EXISTS `sys_user`;
/*!40101 SET @saved_cs_client     = @@character_set_client */;
/*!50503 SET character_set_client = utf8mb4 */;
CREATE TABLE `sys_user` (
  `user_id` bigint NOT NULL AUTO_INCREMENT COMMENT '用户ID',
  `dept_id` bigint DEFAULT NULL COMMENT '部门ID',
  `user_name` varchar(30) NOT NULL COMMENT '用户账号',
  `nick_name` varchar(30) NOT NULL COMMENT '用户昵称',
  `user_type` varchar(2) DEFAULT '00' COMMENT '用户类型（00系统用户）',
  `email` varchar(50) DEFAULT '' COMMENT '用户邮箱',
  `phonenumber` varchar(11) DEFAULT '' COMMENT '手机号码',
  `sex` char(1) DEFAULT '0' COMMENT '用户性别（0男 1女 2未知）',
  `avatar` varchar(100) DEFAULT '' COMMENT '头像地址',
  `password` varchar(100) DEFAULT '' COMMENT '密码',
  `status` char(1) DEFAULT '0' COMMENT '账号状态（0正常 1停用）',
  `del_flag` char(1) DEFAULT '0' COMMENT '删除标志（0代表存在 2代表删除）',
  `login_ip` varchar(128) DEFAULT '' COMMENT '最后登录IP',
  `login_date` datetime DEFAULT NULL COMMENT '最后登录时间',
  `pwd_update_date` datetime DEFAULT NULL COMMENT '密码最后更新时间',
  `create_by` varchar(64) DEFAULT '' COMMENT '创建者',
  `create_time` datetime DEFAULT NULL COMMENT '创建时间',
  `update_by` varchar(64) DEFAULT '' COMMENT '更新者',
  `update_time` datetime DEFAULT NULL COMMENT '更新时间',
  `remark` varchar(500) DEFAULT NULL COMMENT '备注',
  PRIMARY KEY (`user_id`)
) ENGINE=InnoDB AUTO_INCREMENT=101 DEFAULT CHARSET=utf8mb4 COLLATE=utf8mb4_0900_ai_ci COMMENT='用户信息表';
/*!40101 SET character_set_client = @saved_cs_client */;

--
-- Dumping data for table `sys_user`
--

LOCK TABLES `sys_user` WRITE;
/*!40000 ALTER TABLE `sys_user` DISABLE KEYS */;
INSERT INTO `sys_user` VALUES (1,103,'admin','若依','00','ry@163.com','15888888888','1','','$2a$10$7JB720yubVSZvUI0rEqK/.VqGOZTH.ulu33dHOiBE8ByOhJIrdAu2','0','0','127.0.0.1','2026-04-07 21:31:01','2026-03-06 01:54:37','admin','2026-03-06 01:54:37','',NULL,'管理员'),(2,105,'ry','若依','00','ry@qq.com','15666666666','1','','$2a$10$7JB720yubVSZvUI0rEqK/.VqGOZTH.ulu33dHOiBE8ByOhJIrdAu2','0','0','127.0.0.1','2026-03-06 01:54:37','2026-03-06 01:54:37','admin','2026-03-06 01:54:37','',NULL,'测试员'),(100,104,'zhangsan','张三','00','','','0','','$2a$10$.k.Lr6u1Two8wqrPRblYaeZH.yP8jGNihMXO1cJQsqi82Wi3h5CBu','0','0','',NULL,NULL,'admin','2026-03-10 09:24:30','','2026-03-10 09:24:36',NULL);
/*!40000 ALTER TABLE `sys_user` ENABLE KEYS */;
UNLOCK TABLES;

--
-- Table structure for table `sys_user_post`
--

DROP TABLE IF EXISTS `sys_user_post`;
/*!40101 SET @saved_cs_client     = @@character_set_client */;
/*!50503 SET character_set_client = utf8mb4 */;
CREATE TABLE `sys_user_post` (
  `user_id` bigint NOT NULL COMMENT '用户ID',
  `post_id` bigint NOT NULL COMMENT '岗位ID',
  PRIMARY KEY (`user_id`,`post_id`)
) ENGINE=InnoDB DEFAULT CHARSET=utf8mb4 COLLATE=utf8mb4_0900_ai_ci COMMENT='用户与岗位关联表';
/*!40101 SET character_set_client = @saved_cs_client */;

--
-- Dumping data for table `sys_user_post`
--

LOCK TABLES `sys_user_post` WRITE;
/*!40000 ALTER TABLE `sys_user_post` DISABLE KEYS */;
INSERT INTO `sys_user_post` VALUES (1,1),(2,2),(100,4);
/*!40000 ALTER TABLE `sys_user_post` ENABLE KEYS */;
UNLOCK TABLES;

--
-- Table structure for table `sys_user_role`
--

DROP TABLE IF EXISTS `sys_user_role`;
/*!40101 SET @saved_cs_client     = @@character_set_client */;
/*!50503 SET character_set_client = utf8mb4 */;
CREATE TABLE `sys_user_role` (
  `user_id` bigint NOT NULL COMMENT '用户ID',
  `role_id` bigint NOT NULL COMMENT '角色ID',
  PRIMARY KEY (`user_id`,`role_id`)
) ENGINE=InnoDB DEFAULT CHARSET=utf8mb4 COLLATE=utf8mb4_0900_ai_ci COMMENT='用户和角色关联表';
/*!40101 SET character_set_client = @saved_cs_client */;

--
-- Dumping data for table `sys_user_role`
--

LOCK TABLES `sys_user_role` WRITE;
/*!40000 ALTER TABLE `sys_user_role` DISABLE KEYS */;
INSERT INTO `sys_user_role` VALUES (1,1),(2,2),(100,2);
/*!40000 ALTER TABLE `sys_user_role` ENABLE KEYS */;
UNLOCK TABLES;
/*!40103 SET TIME_ZONE=@OLD_TIME_ZONE */;

/*!40101 SET SQL_MODE=@OLD_SQL_MODE */;
/*!40014 SET FOREIGN_KEY_CHECKS=@OLD_FOREIGN_KEY_CHECKS */;
/*!40014 SET UNIQUE_CHECKS=@OLD_UNIQUE_CHECKS */;
/*!40101 SET CHARACTER_SET_CLIENT=@OLD_CHARACTER_SET_CLIENT */;
/*!40101 SET CHARACTER_SET_RESULTS=@OLD_CHARACTER_SET_RESULTS */;
/*!40101 SET COLLATION_CONNECTION=@OLD_COLLATION_CONNECTION */;
/*!40111 SET SQL_NOTES=@OLD_SQL_NOTES */;

-- Dump completed on 2026-04-07 14:05:06
